bin_index,bin_low,bin_high,count,percentage
1,0.0,0.02,273856,78.4913
2,0.02,0.04,37966,10.8816
3,0.04,0.06,10919,3.1296
4,0.06,0.08,5604,1.6062
5,0.08,0.1,3391,0.9719
6,0.1,0.12,2028,0.5813
7,0.12,0.14,1657,0.4749
8,0.14,0.16,1411,0.4044
9,0.16,0.18,1099,0.315
10,0.18,0.2,1001,0.2869
11,0.2,0.22,856,0.2453
12,0.22,0.24,688,0.1972
13,0.24,0.26,573,0.1642
14,0.26,0.28,462,0.1324
15,0.28,0.3,406,0.1164
16,0.3,0.32,414,0.1187
17,0.32,0.34,335,0.096
18,0.34,0.36,286,0.082
19,0.36,0.38,311,0.0891
20,0.38,0.4,285,0.0817
21,0.4,0.42,247,0.0708
22,0.42,0.44,250,0.0717
23,0.44,0.46,216,0.0619
24,0.46,0.48,179,0.0513
25,0.48,0.5,184,0.0527
26,0.5,0.52,202,0.0579
27,0.52,0.54,197,0.0565
28,0.54,0.56,167,0.0479
29,0.56,0.58,161,0.0461
30,0.58,0.6,165,0.0473
31,0.6,0.62,177,0.0507
32,0.62,0.64,181,0.0519
33,0.64,0.66,197,0.0565
34,0.66,0.68,195,0.0559
35,0.68,0.7,194,0.0556
36,0.7,0.72,208,0.0596
37,0.72,0.74,227,0.0651
38,0.74,0.76,179,0.0513
39,0.76,0.78,167,0.0479
40,0.78,0.8,158,0.0453
41,0.8,0.82,158,0.0453
42,0.82,0.84,169,0.0484
43,0.84,0.86,146,0.0418
44,0.86,0.88,148,0.0424
45,0.88,0.9,112,0.0321
46,0.9,0.92,98,0.0281
47,0.92,0.94,93,0.0267
48,0.94,0.96,109,0.0312
49,0.96,0.98,132,0.0378
50,0.98,1.0,336,0.0963
