norm_cvss_x1,epss_x2,linear_score_kev0_asset1,nonlinear_score_kev1_asset1
0.0,0.0,0.25,0.0
0.0,0.0204,0.255102,0.050242
0.0,0.0408,0.260204,0.098938
0.0,0.0612,0.265306,0.146105
0.0,0.0816,0.270408,0.191759
0.0,0.102,0.27551,0.235915
0.0,0.1224,0.280612,0.278592
0.0,0.1429,0.285714,0.319806
0.0,0.1633,0.290816,0.359573
0.0,0.1837,0.295918,0.397912
0.0,0.2041,0.30102,0.43484
0.0,0.2245,0.306122,0.470375
0.0,0.2449,0.311224,0.504534
0.0,0.2653,0.316327,0.537336
0.0,0.2857,0.321429,0.568799
0.0,0.3061,0.326531,0.598942
0.0,0.3265,0.331633,0.627784
0.0,0.3469,0.336735,0.655345
0.0,0.3673,0.341837,0.681643
0.0,0.3878,0.346939,0.706699
0.0,0.4082,0.352041,0.730533
0.0,0.4286,0.357143,0.753166
0.0,0.449,0.362245,0.774618
0.0,0.4694,0.367347,0.794911
0.0,0.4898,0.372449,0.814066
0.0,0.5102,0.377551,0.832105
0.0,0.5306,0.382653,0.849051
0.0,0.551,0.387755,0.864928
0.0,0.5714,0.392857,0.879757
0.0,0.5918,0.397959,0.893565
0.0,0.6122,0.403061,0.906375
0.0,0.6327,0.408163,0.918212
0.0,0.6531,0.413265,0.929102
0.0,0.6735,0.418367,0.939073
0.0,0.6939,0.423469,0.948151
0.0,0.7143,0.428571,0.956366
0.0,0.7347,0.433673,0.963745
0.0,0.7551,0.438776,0.97032
0.0,0.7755,0.443878,0.976122
0.0,0.7959,0.44898,0.981185
0.0,0.8163,0.454082,0.985542
0.0,0.8367,0.459184,0.98923
0.0,0.8571,0.464286,0.992286
0.0,0.8776,0.469388,0.994753
0.0,0.898,0.47449,0.996674
0.0,0.9184,0.479592,0.998096
0.0,0.9388,0.484694,0.999073
0.0,0.9592,0.489796,0.999663
0.0,0.9796,0.494898,0.999941
0.0,1.0,0.5,1.0
0.0204,0.0,0.255102,0.0404
0.0204,0.0204,0.260204,0.088612
0.0204,0.0408,0.265306,0.135341
0.0204,0.0612,0.270408,0.180602
0.0204,0.0816,0.27551,0.224411
0.0204,0.102,0.280612,0.266784
0.0204,0.1224,0.285714,0.307737
0.0204,0.1429,0.290816,0.347285
0.0204,0.1633,0.295918,0.385446
0.0204,0.1837,0.30102,0.422237
0.0204,0.2041,0.306122,0.457672
0.0204,0.2245,0.311224,0.491771
0.0204,0.2449,0.316327,0.52455
0.0204,0.2653,0.321429,0.556027
0.0204,0.2857,0.326531,0.586219
0.0204,0.3061,0.331633,0.615145
0.0204,0.3265,0.336735,0.642822
0.0204,0.3469,0.341837,0.669269
0.0204,0.3673,0.346939,0.694505
0.0204,0.3878,0.352041,0.718549
0.0204,0.4082,0.357143,0.74142
0.0204,0.4286,0.362245,0.763138
0.0204,0.449,0.367347,0.783723
0.0204,0.4694,0.372449,0.803196
0.0204,0.4898,0.377551,0.821577
0.0204,0.5102,0.382653,0.838888
0.0204,0.5306,0.387755,0.85515
0.0204,0.551,0.392857,0.870385
0.0204,0.5714,0.397959,0.884615
0.0204,0.5918,0.403061,0.897865
0.0204,0.6122,0.408163,0.910157
0.0204,0.6327,0.413265,0.921516
0.0204,0.6531,0.418367,0.931967
0.0204,0.6735,0.423469,0.941534
0.0204,0.6939,0.428571,0.950246
0.0204,0.7143,0.433673,0.958128
0.0204,0.7347,0.438776,0.96521
0.0204,0.7551,0.443878,0.971519
0.0204,0.7755,0.44898,0.977087
0.0204,0.7959,0.454082,0.981945
0.0204,0.8163,0.459184,0.986126
0.0204,0.8367,0.464286,0.989665
0.0204,0.8571,0.469388,0.992598
0.0204,0.8776,0.47449,0.994965
0.0204,0.898,0.479592,0.996808
0.0204,0.9184,0.484694,0.998173
0.0204,0.9388,0.489796,0.99911
0.0204,0.9592,0.494898,0.999677
0.0204,0.9796,0.5,0.999943
0.0204,1.0,0.505102,1.0
0.0408,0.0,0.260204,0.079967
0.0408,0.0204,0.265306,0.126191
0.0408,0.0408,0.270408,0.170993
0.0408,0.0612,0.27551,0.214388
0.0408,0.0816,0.280612,0.256391
0.0408,0.102,0.285714,0.297017
0.0408,0.1224,0.290816,0.336281
0.0408,0.1429,0.295918,0.374199
0.0408,0.1633,0.30102,0.410786
0.0408,0.1837,0.306122,0.446059
0.0408,0.2041,0.311224,0.480034
0.0408,0.2245,0.316327,0.512727
0.0408,0.2449,0.321429,0.544155
0.0408,0.2653,0.326531,0.574333
0.0408,0.2857,0.331633,0.603281
0.0408,0.3061,0.336735,0.631013
0.0408,0.3265,0.341837,0.657549
0.0408,0.3469,0.346939,0.682906
0.0408,0.3673,0.352041,0.707101
0.0408,0.3878,0.357143,0.730154
0.0408,0.4082,0.362245,0.752082
0.0408,0.4286,0.367347,0.772905
0.0408,0.449,0.372449,0.792641
0.0408,0.4694,0.377551,0.811311
0.0408,0.4898,0.382653,0.828934
0.0408,0.5102,0.387755,0.845531
0.0408,0.5306,0.392857,0.861122
0.0408,0.551,0.397959,0.875729
0.0408,0.5714,0.403061,0.889373
0.0408,0.5918,0.408163,0.902076
0.0408,0.6122,0.413265,0.913861
0.0408,0.6327,0.418367,0.924752
0.0408,0.6531,0.423469,0.934772
0.0408,0.6735,0.428571,0.943945
0.0408,0.6939,0.433673,0.952297
0.0408,0.7143,0.438776,0.959855
0.0408,0.7347,0.443878,0.966644
0.0408,0.7551,0.44898,0.972693
0.0408,0.7755,0.454082,0.978032
0.0408,0.7959,0.459184,0.982689
0.0408,0.8163,0.464286,0.986698
0.0408,0.8367,0.469388,0.990091
0.0408,0.8571,0.47449,0.992903
0.0408,0.8776,0.479592,0.995173
0.0408,0.898,0.484694,0.99694
0.0408,0.9184,0.489796,0.998248
0.0408,0.9388,0.494898,0.999147
0.0408,0.9592,0.5,0.99969
0.0408,0.9796,0.505102,0.999945
0.0408,1.0,0.510204,1.0
0.0612,0.0,0.265306,0.118701
0.0612,0.0204,0.270408,0.162979
0.0612,0.0408,0.27551,0.205895
0.0612,0.0612,0.280612,0.247463
0.0612,0.0816,0.285714,0.287697
0.0612,0.102,0.290816,0.326613
0.0612,0.1224,0.295918,0.364224
0.0612,0.1429,0.30102,0.400545
0.0612,0.1633,0.306122,0.435592
0.0612,0.1837,0.311224,0.46938
0.0612,0.2041,0.316327,0.501925
0.0612,0.2245,0.321429,0.533241
0.0612,0.2449,0.326531,0.563346
0.0612,0.2653,0.331633,0.592254
0.0612,0.2857,0.336735,0.619983
0.0612,0.3061,0.341837,0.646548
0.0612,0.3265,0.346939,0.671967
0.0612,0.3469,0.352041,0.696256
0.0612,0.3673,0.357143,0.719432
0.0612,0.3878,0.362245,0.741514
0.0612,0.4082,0.367347,0.762519
0.0612,0.4286,0.372449,0.782465
0.0612,0.449,0.377551,0.801371
0.0612,0.4694,0.382653,0.819255
0.0612,0.4898,0.387755,0.836136
0.0612,0.5102,0.392857,0.852034
0.0612,0.5306,0.397959,0.866969
0.0612,0.551,0.403061,0.880961
0.0612,0.5714,0.408163,0.89403
0.0612,0.5918,0.413265,0.906199
0.0612,0.6122,0.418367,0.917488
0.0612,0.6327,0.423469,0.92792
0.0612,0.6531,0.428571,0.937518
0.0612,0.6735,0.433673,0.946305
0.0612,0.6939,0.438776,0.954306
0.0612,0.7143,0.443878,0.961545
0.0612,0.7347,0.44898,0.968048
0.0612,0.7551,0.454082,0.973843
0.0612,0.7755,0.459184,0.978957
0.0612,0.7959,0.464286,0.983418
0.0612,0.8163,0.469388,0.987258
0.0612,0.8367,0.47449,0.990508
0.0612,0.8571,0.479592,0.993202
0.0612,0.8776,0.484694,0.995376
0.0612,0.898,0.489796,0.997069
0.0612,0.9184,0.494898,0.998322
0.0612,0.9388,0.5,0.999183
0.0612,0.9592,0.505102,0.999703
0.0612,0.9796,0.510204,0.999948
0.0612,1.0,0.515306,1.0
0.0816,0.0,0.270408,0.156601
0.0816,0.0204,0.27551,0.198976
0.0816,0.0408,0.280612,0.240046
0.0816,0.0612,0.285714,0.279826
0.0816,0.0816,0.290816,0.31833
0.0816,0.102,0.295918,0.355572
0.0816,0.1224,0.30102,0.391566
0.0816,0.1429,0.306122,0.426325
0.0816,0.1633,0.311224,0.459865
0.0816,0.1837,0.316327,0.4922
0.0816,0.2041,0.321429,0.523345
0.0816,0.2245,0.326531,0.553315
0.0816,0.2449,0.331633,0.582124
0.0816,0.2653,0.336735,0.60979
0.0816,0.2857,0.341837,0.636326
0.0816,0.3061,0.346939,0.661748
0.0816,0.3265,0.352041,0.686074
0.0816,0.3469,0.357143,0.709318
0.0816,0.3673,0.362245,0.731498
0.0816,0.3878,0.367347,0.752631
0.0816,0.4082,0.372449,0.772732
0.0816,0.4286,0.377551,0.791821
0.0816,0.449,0.382653,0.809913
0.0816,0.4694,0.387755,0.827028
0.0816,0.4898,0.392857,0.843183
0.0816,0.5102,0.397959,0.858398
0.0816,0.5306,0.403061,0.87269
0.0816,0.551,0.408163,0.88608
0.0816,0.5714,0.413265,0.898588
0.0816,0.5918,0.418367,0.910233
0.0816,0.6122,0.423469,0.921036
0.0816,0.6327,0.428571,0.93102
0.0816,0.6531,0.433673,0.940205
0.0816,0.6735,0.438776,0.948614
0.0816,0.6939,0.443878,0.956271
0.0816,0.7143,0.44898,0.963199
0.0816,0.7347,0.454082,0.969423
0.0816,0.7551,0.459184,0.974968
0.0816,0.7755,0.464286,0.979862
0.0816,0.7959,0.469388,0.984131
0.0816,0.8163,0.47449,0.987806
0.0816,0.8367,0.479592,0.990916
0.0816,0.8571,0.484694,0.993494
0.0816,0.8776,0.489796,0.995575
0.0816,0.898,0.494898,0.997195
0.0816,0.9184,0.5,0.998394
0.0816,0.9388,0.505102,0.999218
0.0816,0.9592,0.510204,0.999716
0.0816,0.9796,0.515306,0.99995
0.0816,1.0,0.520408,1.0
0.102,0.0,0.27551,0.193669
0.102,0.0204,0.280612,0.234181
0.102,0.0408,0.285714,0.273446
0.102,0.0612,0.290816,0.311478
0.102,0.0816,0.295918,0.34829
0.102,0.102,0.30102,0.383895
0.102,0.1224,0.306122,0.418307
0.102,0.1429,0.311224,0.451538
0.102,0.1633,0.316327,0.483604
0.102,0.1837,0.321429,0.514518
0.102,0.2041,0.326531,0.544294
0.102,0.2245,0.331633,0.572947
0.102,0.2449,0.336735,0.60049
0.102,0.2653,0.341837,0.62694
0.102,0.2857,0.346939,0.652309
0.102,0.3061,0.352041,0.676615
0.102,0.3265,0.357143,0.699871
0.102,0.3469,0.362245,0.722094
0.102,0.3673,0.367347,0.743299
0.102,0.3878,0.372449,0.763503
0.102,0.4082,0.377551,0.782721
0.102,0.4286,0.382653,0.80097
0.102,0.449,0.387755,0.818268
0.102,0.4694,0.392857,0.83463
0.102,0.4898,0.397959,0.850075
0.102,0.5102,0.403061,0.864621
0.102,0.5306,0.408163,0.878285
0.102,0.551,0.413265,0.891087
0.102,0.5714,0.418367,0.903045
0.102,0.5918,0.423469,0.914178
0.102,0.6122,0.428571,0.924507
0.102,0.6327,0.433673,0.934052
0.102,0.6531,0.438776,0.942833
0.102,0.6735,0.443878,0.950873
0.102,0.6939,0.44898,0.958193
0.102,0.7143,0.454082,0.964816
0.102,0.7347,0.459184,0.970766
0.102,0.7551,0.464286,0.976068
0.102,0.7755,0.469388,0.980747
0.102,0.7959,0.47449,0.984829
0.102,0.8163,0.479592,0.988342
0.102,0.8367,0.484694,0.991315
0.102,0.8571,0.489796,0.99378
0.102,0.8776,0.494898,0.995769
0.102,0.898,0.5,0.997318
0.102,0.9184,0.505102,0.998465
0.102,0.9388,0.510204,0.999252
0.102,0.9592,0.515306,0.999729
0.102,0.9796,0.520408,0.999952
0.102,1.0,0.52551,1.0
0.1224,0.0,0.280612,0.229904
0.1224,0.0204,0.285714,0.268595
0.1224,0.0408,0.290816,0.306096
0.1224,0.0612,0.295918,0.342419
0.1224,0.0816,0.30102,0.377577
0.1224,0.102,0.306122,0.411582
0.1224,0.1224,0.311224,0.444447
0.1224,0.1429,0.316327,0.476185
0.1224,0.1633,0.321429,0.50681
0.1224,0.1837,0.326531,0.536335
0.1224,0.2041,0.331633,0.564773
0.1224,0.2245,0.336735,0.592138
0.1224,0.2449,0.341837,0.618443
0.1224,0.2653,0.346939,0.643704
0.1224,0.2857,0.352041,0.667934
0.1224,0.3061,0.357143,0.691147
0.1224,0.3265,0.362245,0.713358
0.1224,0.3469,0.367347,0.734583
0.1224,0.3673,0.372449,0.754835
0.1224,0.3878,0.377551,0.77413
0.1224,0.4082,0.382653,0.792485
0.1224,0.4286,0.387755,0.809914
0.1224,0.449,0.392857,0.826434
0.1224,0.4694,0.397959,0.842062
0.1224,0.4898,0.403061,0.856813
0.1224,0.5102,0.408163,0.870705
0.1224,0.5306,0.413265,0.883755
0.1224,0.551,0.418367,0.895981
0.1224,0.5714,0.423469,0.907402
0.1224,0.5918,0.428571,0.918035
0.1224,0.6122,0.433673,0.927899
0.1224,0.6327,0.438776,0.937015
0.1224,0.6531,0.443878,0.945402
0.1224,0.6735,0.44898,0.95308
0.1224,0.6939,0.454082,0.960072
0.1224,0.7143,0.459184,0.966397
0.1224,0.7347,0.464286,0.97208
0.1224,0.7551,0.469388,0.977144
0.1224,0.7755,0.47449,0.981612
0.1224,0.7959,0.479592,0.98551
0.1224,0.8163,0.484694,0.988866
0.1224,0.8367,0.489796,0.991706
0.1224,0.8571,0.494898,0.99406
0.1224,0.8776,0.5,0.99596
0.1224,0.898,0.505102,0.997439
0.1224,0.9184,0.510204,0.998534
0.1224,0.9388,0.515306,0.999286
0.1224,0.9592,0.520408,0.999741
0.1224,0.9796,0.52551,0.999954
0.1224,1.0,0.530612,1.0
0.1429,0.0,0.285714,0.265306
0.1429,0.0204,0.290816,0.302219
0.1429,0.0408,0.295918,0.337996
0.1429,0.0612,0.30102,0.372649
0.1429,0.0816,0.306122,0.40619
0.1429,0.102,0.311224,0.438632
0.1429,0.1224,0.316327,0.469986
0.1429,0.1429,0.321429,0.500265
0.1429,0.1633,0.326531,0.529482
0.1429,0.1837,0.331633,0.55765
0.1429,0.2041,0.336735,0.584781
0.1429,0.2245,0.341837,0.610887
0.1429,0.2449,0.346939,0.635984
0.1429,0.2653,0.352041,0.660083
0.1429,0.2857,0.357143,0.683199
0.1429,0.3061,0.362245,0.705345
0.1429,0.3265,0.367347,0.726535
0.1429,0.3469,0.372449,0.746784
0.1429,0.3673,0.377551,0.766105
0.1429,0.3878,0.382653,0.784514
0.1429,0.4082,0.387755,0.802025
0.1429,0.4286,0.392857,0.818653
0.1429,0.449,0.397959,0.834413
0.1429,0.4694,0.403061,0.849322
0.1429,0.4898,0.408163,0.863395
0.1429,0.5102,0.413265,0.876649
0.1429,0.5306,0.418367,0.889099
0.1429,0.551,0.423469,0.900763
0.1429,0.5714,0.428571,0.911659
0.1429,0.5918,0.433673,0.921803
0.1429,0.6122,0.438776,0.931214
0.1429,0.6327,0.443878,0.939911
0.1429,0.6531,0.44898,0.947912
0.1429,0.6735,0.454082,0.955237
0.1429,0.6939,0.459184,0.961907
0.1429,0.7143,0.464286,0.967942
0.1429,0.7347,0.469388,0.973364
0.1429,0.7551,0.47449,0.978194
0.1429,0.7755,0.479592,0.982457
0.1429,0.7959,0.484694,0.986177
0.1429,0.8163,0.489796,0.989378
0.1429,0.8367,0.494898,0.992087
0.1429,0.8571,0.5,0.994333
0.1429,0.8776,0.505102,0.996145
0.1429,0.898,0.510204,0.997556
0.1429,0.9184,0.515306,0.998601
0.1429,0.9388,0.520408,0.999319
0.1429,0.9592,0.52551,0.999753
0.1429,0.9796,0.530612,0.999956
0.1429,1.0,0.535714,1.0
0.1633,0.0,0.290816,0.299875
0.1633,0.0204,0.295918,0.335051
0.1633,0.0408,0.30102,0.369144
0.1633,0.0612,0.306122,0.402167
0.1633,0.0816,0.311224,0.43413
0.1633,0.102,0.316327,0.465045
0.1633,0.1224,0.321429,0.494924
0.1633,0.1429,0.326531,0.523779
0.1633,0.1633,0.331633,0.551621
0.1633,0.1837,0.336735,0.578463
0.1633,0.2041,0.341837,0.604317
0.1633,0.2245,0.346939,0.629196
0.1633,0.2449,0.352041,0.653112
0.1633,0.2653,0.357143,0.676077
0.1633,0.2857,0.362245,0.698105
0.1633,0.3061,0.367347,0.719209
0.1633,0.3265,0.372449,0.739403
0.1633,0.3469,0.377551,0.758698
0.1633,0.3673,0.382653,0.777111
0.1633,0.3878,0.387755,0.794653
0.1633,0.4082,0.392857,0.81134
0.1633,0.4286,0.397959,0.827185
0.1633,0.449,0.403061,0.842204
0.1633,0.4694,0.408163,0.856412
0.1633,0.4898,0.413265,0.869823
0.1633,0.5102,0.418367,0.882452
0.1633,0.5306,0.423469,0.894317
0.1633,0.551,0.428571,0.905432
0.1633,0.5714,0.433673,0.915815
0.1633,0.5918,0.438776,0.925482
0.1633,0.6122,0.443878,0.934451
0.1633,0.6327,0.44898,0.942738
0.1633,0.6531,0.454082,0.950363
0.1633,0.6735,0.459184,0.957343
0.1633,0.6939,0.464286,0.963699
0.1633,0.7143,0.469388,0.96945
0.1633,0.7347,0.47449,0.974617
0.1633,0.7551,0.479592,0.97922
0.1633,0.7755,0.484694,0.983283
0.1633,0.7959,0.489796,0.986827
0.1633,0.8163,0.494898,0.989877
0.1633,0.8367,0.5,0.992459
0.1633,0.8571,0.505102,0.9946
0.1633,0.8776,0.510204,0.996327
0.1633,0.898,0.515306,0.997671
0.1633,0.9184,0.520408,0.998667
0.1633,0.9388,0.52551,0.999351
0.1633,0.9592,0.530612,0.999764
0.1633,0.9796,0.535714,0.999958
0.1633,1.0,0.540816,1.0
0.1837,0.0,0.295918,0.333611
0.1837,0.0204,0.30102,0.367092
0.1837,0.0408,0.306122,0.399543
0.1837,0.0612,0.311224,0.430974
0.1837,0.0816,0.316327,0.461397
0.1837,0.102,0.321429,0.490822
0.1837,0.1224,0.326531,0.519262
0.1837,0.1429,0.331633,0.546726
0.1837,0.1633,0.336735,0.573227
0.1837,0.1837,0.341837,0.598775
0.1837,0.2041,0.346939,0.623384
0.1837,0.2245,0.352041,0.647063
0.1837,0.2449,0.357143,0.669827
0.1837,0.2653,0.362245,0.691686
0.1837,0.2857,0.367347,0.712652
0.1837,0.3061,0.372449,0.732739
0.1837,0.3265,0.377551,0.75196
0.1837,0.3469,0.382653,0.770326
0.1837,0.3673,0.387755,0.787851
0.1837,0.3878,0.392857,0.804548
0.1837,0.4082,0.397959,0.82043
0.1837,0.4286,0.403061,0.835513
0.1837,0.449,0.408163,0.849808
0.1837,0.4694,0.413265,0.863331
0.1837,0.4898,0.418367,0.876095
0.1837,0.5102,0.423469,0.888117
0.1837,0.5306,0.428571,0.899409
0.1837,0.551,0.433673,0.909989
0.1837,0.5714,0.438776,0.919872
0.1837,0.5918,0.443878,0.929073
0.1837,0.6122,0.44898,0.937609
0.1837,0.6327,0.454082,0.945497
0.1837,0.6531,0.459184,0.952755
0.1837,0.6735,0.464286,0.959399
0.1837,0.6939,0.469388,0.965449
0.1837,0.7143,0.47449,0.970922
0.1837,0.7347,0.479592,0.97584
0.1837,0.7551,0.484694,0.980222
0.1837,0.7755,0.489796,0.984088
0.1837,0.7959,0.494898,0.987462
0.1837,0.8163,0.5,0.990365
0.1837,0.8367,0.505102,0.992823
0.1837,0.8571,0.510204,0.99486
0.1837,0.8776,0.515306,0.996504
0.1837,0.898,0.520408,0.997784
0.1837,0.9184,0.52551,0.998731
0.1837,0.9388,0.530612,0.999382
0.1837,0.9592,0.535714,0.999776
0.1837,0.9796,0.540816,0.99996
0.1837,1.0,0.545918,1.0
0.2041,0.0,0.30102,0.366514
0.2041,0.0204,0.306122,0.398342
0.2041,0.0408,0.311224,0.42919
0.2041,0.0612,0.316327,0.45907
0.2041,0.0816,0.321429,0.48799
0.2041,0.102,0.326531,0.515963
0.2041,0.1224,0.331633,0.542998
0.2041,0.1429,0.336735,0.569106
0.2041,0.1633,0.341837,0.594299
0.2041,0.1837,0.346939,0.618586
0.2041,0.2041,0.352041,0.641979
0.2041,0.2245,0.357143,0.66449
0.2041,0.2449,0.362245,0.686129
0.2041,0.2653,0.367347,0.706909
0.2041,0.2857,0.372449,0.72684
0.2041,0.3061,0.377551,0.745935
0.2041,0.3265,0.382653,0.764207
0.2041,0.3469,0.387755,0.781666
0.2041,0.3673,0.392857,0.798325
0.2041,0.3878,0.397959,0.814198
0.2041,0.4082,0.403061,0.829297
0.2041,0.4286,0.408163,0.843634
0.2041,0.449,0.413265,0.857224
0.2041,0.4694,0.418367,0.870079
0.2041,0.4898,0.423469,0.882213
0.2041,0.5102,0.428571,0.893641
0.2041,0.5306,0.433673,0.904376
0.2041,0.551,0.438776,0.914434
0.2041,0.5714,0.443878,0.923828
0.2041,0.5918,0.44898,0.932575
0.2041,0.6122,0.454082,0.94069
0.2041,0.6327,0.459184,0.948188
0.2041,0.6531,0.464286,0.955087
0.2041,0.6735,0.469388,0.961404
0.2041,0.6939,0.47449,0.967155
0.2041,0.7143,0.479592,0.972358
0.2041,0.7347,0.484694,0.977033
0.2041,0.7551,0.489796,0.981198
0.2041,0.7755,0.494898,0.984874
0.2041,0.7959,0.5,0.988081
0.2041,0.8163,0.505102,0.990841
0.2041,0.8367,0.510204,0.993177
0.2041,0.8571,0.515306,0.995114
0.2041,0.8776,0.520408,0.996676
0.2041,0.898,0.52551,0.997893
0.2041,0.9184,0.530612,0.998794
0.2041,0.9388,0.535714,0.999412
0.2041,0.9592,0.540816,0.999787
0.2041,0.9796,0.545918,0.999962
0.2041,1.0,0.55102,1.0
0.2245,0.0,0.306122,0.398584
0.2245,0.0204,0.311224,0.4288
0.2245,0.0408,0.316327,0.458087
0.2245,0.0612,0.321429,0.486454
0.2245,0.0816,0.326531,0.513911
0.2245,0.102,0.331633,0.540467
0.2245,0.1224,0.336735,0.566134
0.2245,0.1429,0.341837,0.59092
0.2245,0.1633,0.346939,0.614837
0.2245,0.1837,0.352041,0.637895
0.2245,0.2041,0.357143,0.660104
0.2245,0.2245,0.362245,0.681475
0.2245,0.2449,0.367347,0.702019
0.2245,0.2653,0.372449,0.721746
0.2245,0.2857,0.377551,0.740669
0.2245,0.3061,0.382653,0.758797
0.2245,0.3265,0.387755,0.776144
0.2245,0.3469,0.392857,0.792719
0.2245,0.3673,0.397959,0.808535
0.2245,0.3878,0.403061,0.823604
0.2245,0.4082,0.408163,0.837939
0.2245,0.4286,0.413265,0.85155
0.2245,0.449,0.418367,0.864452
0.2245,0.4694,0.423469,0.876656
0.2245,0.4898,0.428571,0.888176
0.2245,0.5102,0.433673,0.899025
0.2245,0.5306,0.438776,0.909217
0.2245,0.551,0.443878,0.918765
0.2245,0.5714,0.44898,0.927684
0.2245,0.5918,0.454082,0.935988
0.2245,0.6122,0.459184,0.943692
0.2245,0.6327,0.464286,0.950811
0.2245,0.6531,0.469388,0.957361
0.2245,0.6735,0.47449,0.963358
0.2245,0.6939,0.479592,0.968817
0.2245,0.7143,0.484694,0.973758
0.2245,0.7347,0.489796,0.978196
0.2245,0.7551,0.494898,0.98215
0.2245,0.7755,0.5,0.98564
0.2245,0.7959,0.505102,0.988684
0.2245,0.8163,0.510204,0.991305
0.2245,0.8367,0.515306,0.993522
0.2245,0.8571,0.520408,0.995361
0.2245,0.8776,0.52551,0.996845
0.2245,0.898,0.530612,0.998
0.2245,0.9184,0.535714,0.998855
0.2245,0.9388,0.540816,0.999442
0.2245,0.9592,0.545918,0.999798
0.2245,0.9796,0.55102,0.999964
0.2245,1.0,0.556122,1.0
0.2449,0.0,0.311224,0.429821
0.2449,0.0204,0.316327,0.458468
0.2449,0.0408,0.321429,0.486234
0.2449,0.0612,0.326531,0.513127
0.2449,0.0816,0.331633,0.539158
0.2449,0.102,0.336735,0.564335
0.2449,0.1224,0.341837,0.588668
0.2449,0.1429,0.346939,0.612167
0.2449,0.1633,0.352041,0.634842
0.2449,0.1837,0.357143,0.656702
0.2449,0.2041,0.362245,0.677758
0.2449,0.2245,0.367347,0.698019
0.2449,0.2449,0.372449,0.717495
0.2449,0.2653,0.377551,0.736198
0.2449,0.2857,0.382653,0.754138
0.2449,0.3061,0.387755,0.771325
0.2449,0.3265,0.392857,0.78777
0.2449,0.3469,0.397959,0.803485
0.2449,0.3673,0.403061,0.81848
0.2449,0.3878,0.408163,0.832766
0.2449,0.4082,0.413265,0.846356
0.2449,0.4286,0.418367,0.85926
0.2449,0.449,0.423469,0.871492
0.2449,0.4694,0.428571,0.883062
0.2449,0.4898,0.433673,0.893984
0.2449,0.5102,0.438776,0.90427
0.2449,0.5306,0.443878,0.913932
0.2449,0.551,0.44898,0.922985
0.2449,0.5714,0.454082,0.93144
0.2449,0.5918,0.459184,0.939313
0.2449,0.6122,0.464286,0.946617
0.2449,0.6327,0.469388,0.953366
0.2449,0.6531,0.47449,0.959576
0.2449,0.6735,0.479592,0.965261
0.2449,0.6939,0.484694,0.970437
0.2449,0.7143,0.489796,0.975121
0.2449,0.7347,0.494898,0.979328
0.2449,0.7551,0.5,0.983077
0.2449,0.7755,0.505102,0.986385
0.2449,0.7959,0.510204,0.989272
0.2449,0.8163,0.515306,0.991756
0.2449,0.8367,0.520408,0.993859
0.2449,0.8571,0.52551,0.995602
0.2449,0.8776,0.530612,0.997008
0.2449,0.898,0.535714,0.998104
0.2449,0.9184,0.540816,0.998914
0.2449,0.9388,0.545918,0.999471
0.2449,0.9592,0.55102,0.999808
0.2449,0.9796,0.556122,0.999966
0.2449,1.0,0.561224,1.0
0.2653,0.0,0.316327,0.460225
0.2653,0.0204,0.321429,0.487344
0.2653,0.0408,0.326531,0.513629
0.2653,0.0612,0.331633,0.539089
0.2653,0.0816,0.336735,0.563731
0.2653,0.102,0.341837,0.587566
0.2653,0.1224,0.346939,0.610602
0.2653,0.1429,0.352041,0.632848
0.2653,0.1633,0.357143,0.654314
0.2653,0.1837,0.362245,0.675008
0.2653,0.2041,0.367347,0.694941
0.2653,0.2245,0.372449,0.714121
0.2653,0.2449,0.377551,0.73256
0.2653,0.2653,0.382653,0.750265
0.2653,0.2857,0.387755,0.767248
0.2653,0.3061,0.392857,0.783519
0.2653,0.3265,0.397959,0.799087
0.2653,0.3469,0.403061,0.813964
0.2653,0.3673,0.408163,0.828159
0.2653,0.3878,0.413265,0.841684
0.2653,0.4082,0.418367,0.854549
0.2653,0.4286,0.423469,0.866765
0.2653,0.449,0.428571,0.878344
0.2653,0.4694,0.433673,0.889298
0.2653,0.4898,0.438776,0.899637
0.2653,0.5102,0.443878,0.909374
0.2653,0.5306,0.44898,0.918522
0.2653,0.551,0.454082,0.927091
0.2653,0.5714,0.459184,0.935096
0.2653,0.5918,0.464286,0.942549
0.2653,0.6122,0.469388,0.949463
0.2653,0.6327,0.47449,0.955853
0.2653,0.6531,0.479592,0.961731
0.2653,0.6735,0.484694,0.967113
0.2653,0.6939,0.489796,0.972013
0.2653,0.7143,0.494898,0.976447
0.2653,0.7347,0.5,0.98043
0.2653,0.7551,0.505102,0.98398
0.2653,0.7755,0.510204,0.987111
0.2653,0.7959,0.515306,0.989844
0.2653,0.8163,0.520408,0.992196
0.2653,0.8367,0.52551,0.994186
0.2653,0.8571,0.530612,0.995836
0.2653,0.8776,0.535714,0.997168
0.2653,0.898,0.540816,0.998205
0.2653,0.9184,0.545918,0.998972
0.2653,0.9388,0.55102,0.999499
0.2653,0.9592,0.556122,0.999818
0.2653,0.9796,0.561224,0.999968
0.2653,1.0,0.566327,1.0
0.2857,0.0,0.321429,0.489796
0.2857,0.0204,0.326531,0.51543
0.2857,0.0408,0.331633,0.540275
0.2857,0.0612,0.336735,0.564339
0.2857,0.0816,0.341837,0.587632
0.2857,0.102,0.346939,0.610161
0.2857,0.1224,0.352041,0.631935
0.2857,0.1429,0.357143,0.652962
0.2857,0.1633,0.362245,0.673252
0.2857,0.1837,0.367347,0.692812
0.2857,0.2041,0.372449,0.711653
0.2857,0.2245,0.377551,0.729783
0.2857,0.2449,0.382653,0.747211
0.2857,0.2653,0.387755,0.763947
0.2857,0.2857,0.392857,0.779999
0.2857,0.3061,0.397959,0.795379
0.2857,0.3265,0.403061,0.810094
0.2857,0.3469,0.408163,0.824156
0.2857,0.3673,0.413265,0.837573
0.2857,0.3878,0.418367,0.850357
0.2857,0.4082,0.423469,0.862517
0.2857,0.4286,0.428571,0.874064
0.2857,0.449,0.433673,0.885009
0.2857,0.4694,0.438776,0.895363
0.2857,0.4898,0.443878,0.905135
0.2857,0.5102,0.44898,0.914339
0.2857,0.5306,0.454082,0.922985
0.2857,0.551,0.459184,0.931086
0.2857,0.5714,0.464286,0.938652
0.2857,0.5918,0.469388,0.945696
0.2857,0.6122,0.47449,0.952232
0.2857,0.6327,0.479592,0.958271
0.2857,0.6531,0.484694,0.963828
0.2857,0.6735,0.489796,0.968915
0.2857,0.6939,0.494898,0.973547
0.2857,0.7143,0.5,0.977738
0.2857,0.7347,0.505102,0.981503
0.2857,0.7551,0.510204,0.984857
0.2857,0.7755,0.515306,0.987818
0.2857,0.7959,0.520408,0.9904
0.2857,0.8163,0.52551,0.992623
0.2857,0.8367,0.530612,0.994505
0.2857,0.8571,0.535714,0.996065
0.2857,0.8776,0.540816,0.997323
0.2857,0.898,0.545918,0.998303
0.2857,0.9184,0.55102,0.999029
0.2857,0.9388,0.556122,0.999527
0.2857,0.9592,0.561224,0.999828
0.2857,0.9796,0.566327,0.99997
0.2857,1.0,0.571429,1.0
0.3061,0.0,0.326531,0.518534
0.3061,0.0204,0.331633,0.542724
0.3061,0.0408,0.336735,0.566169
0.3061,0.0612,0.341837,0.588879
0.3061,0.0816,0.346939,0.610859
0.3061,0.102,0.352041,0.632119
0.3061,0.1224,0.357143,0.652667
0.3061,0.1429,0.362245,0.67251
0.3061,0.1633,0.367347,0.691656
0.3061,0.1837,0.372449,0.710115
0.3061,0.2041,0.377551,0.727895
0.3061,0.2245,0.382653,0.745003
0.3061,0.2449,0.387755,0.76145
0.3061,0.2653,0.392857,0.777243
0.3061,0.2857,0.397959,0.792391
0.3061,0.3061,0.403061,0.806904
0.3061,0.3265,0.408163,0.820791
0.3061,0.3469,0.413265,0.83406
0.3061,0.3673,0.418367,0.846722
0.3061,0.3878,0.423469,0.858786
0.3061,0.4082,0.428571,0.870261
0.3061,0.4286,0.433673,0.881158
0.3061,0.449,0.438776,0.891486
0.3061,0.4694,0.443878,0.901256
0.3061,0.4898,0.44898,0.910479
0.3061,0.5102,0.454082,0.919164
0.3061,0.5306,0.459184,0.927323
0.3061,0.551,0.464286,0.934967
0.3061,0.5714,0.469388,0.942107
0.3061,0.5918,0.47449,0.948755
0.3061,0.6122,0.479592,0.954923
0.3061,0.6327,0.484694,0.960622
0.3061,0.6531,0.489796,0.965865
0.3061,0.6735,0.494898,0.970666
0.3061,0.6939,0.5,0.975037
0.3061,0.7143,0.505102,0.978991
0.3061,0.7347,0.510204,0.982544
0.3061,0.7551,0.515306,0.98571
0.3061,0.7755,0.520408,0.988504
0.3061,0.7959,0.52551,0.990941
0.3061,0.8163,0.530612,0.993039
0.3061,0.8367,0.535714,0.994814
0.3061,0.8571,0.540816,0.996286
0.3061,0.8776,0.545918,0.997474
0.3061,0.898,0.55102,0.998399
0.3061,0.9184,0.556122,0.999083
0.3061,0.9388,0.561224,0.999553
0.3061,0.9592,0.566327,0.999838
0.3061,0.9796,0.571429,0.999971
0.3061,1.0,0.576531,1.0
0.3265,0.0,0.331633,0.546439
0.3265,0.0204,0.336735,0.569227
0.3265,0.0408,0.341837,0.591314
0.3265,0.0612,0.346939,0.612707
0.3265,0.0816,0.352041,0.633413
0.3265,0.102,0.357143,0.653441
0.3265,0.1224,0.362245,0.672797
0.3265,0.1429,0.367347,0.69149
0.3265,0.1633,0.372449,0.709527
0.3265,0.1837,0.377551,0.726916
0.3265,0.2041,0.382653,0.743666
0.3265,0.2245,0.387755,0.759783
0.3265,0.2449,0.392857,0.775276
0.3265,0.2653,0.397959,0.790153
0.3265,0.2857,0.403061,0.804424
0.3265,0.3061,0.408163,0.818096
0.3265,0.3265,0.413265,0.831177
0.3265,0.3469,0.418367,0.843678
0.3265,0.3673,0.423469,0.855606
0.3265,0.3878,0.428571,0.86697
0.3265,0.4082,0.433673,0.87778
0.3265,0.4286,0.438776,0.888046
0.3265,0.449,0.443878,0.897776
0.3265,0.4694,0.44898,0.906979
0.3265,0.4898,0.454082,0.915667
0.3265,0.5102,0.459184,0.923849
0.3265,0.5306,0.464286,0.931536
0.3265,0.551,0.469388,0.938736
0.3265,0.5714,0.47449,0.945463
0.3265,0.5918,0.479592,0.951725
0.3265,0.6122,0.484694,0.957535
0.3265,0.6327,0.489796,0.962904
0.3265,0.6531,0.494898,0.967844
0.3265,0.6735,0.5,0.972366
0.3265,0.6939,0.505102,0.976483
0.3265,0.7143,0.510204,0.980209
0.3265,0.7347,0.515306,0.983556
0.3265,0.7551,0.520408,0.986538
0.3265,0.7755,0.52551,0.98917
0.3265,0.7959,0.530612,0.991466
0.3265,0.8163,0.535714,0.993442
0.3265,0.8367,0.540816,0.995115
0.3265,0.8571,0.545918,0.996501
0.3265,0.8776,0.55102,0.99762
0.3265,0.898,0.556122,0.998491
0.3265,0.9184,0.561224,0.999136
0.3265,0.9388,0.566327,0.999579
0.3265,0.9592,0.571429,0.999847
0.3265,0.9796,0.576531,0.999973
0.3265,1.0,0.581633,1.0
0.3469,0.0,0.336735,0.573511
0.3469,0.0204,0.341837,0.594939
0.3469,0.0408,0.346939,0.615707
0.3469,0.0612,0.352041,0.635823
0.3469,0.0816,0.357143,0.655294
0.3469,0.102,0.362245,0.674126
0.3469,0.1224,0.367347,0.692327
0.3469,0.1429,0.372449,0.709905
0.3469,0.1633,0.377551,0.726865
0.3469,0.1837,0.382653,0.743216
0.3469,0.2041,0.387755,0.758966
0.3469,0.2245,0.392857,0.774121
0.3469,0.2449,0.397959,0.788689
0.3469,0.2653,0.403061,0.802679
0.3469,0.2857,0.408163,0.816097
0.3469,0.3061,0.413265,0.828953
0.3469,0.3265,0.418367,0.841254
0.3469,0.3469,0.423469,0.853008
0.3469,0.3673,0.428571,0.864224
0.3469,0.3878,0.433673,0.874911
0.3469,0.4082,0.438776,0.885076
0.3469,0.4286,0.443878,0.894728
0.3469,0.449,0.44898,0.903877
0.3469,0.4694,0.454082,0.912532
0.3469,0.4898,0.459184,0.920701
0.3469,0.5102,0.464286,0.928395
0.3469,0.5306,0.469388,0.935622
0.3469,0.551,0.47449,0.942393
0.3469,0.5714,0.479592,0.948718
0.3469,0.5918,0.484694,0.954607
0.3469,0.6122,0.489796,0.96007
0.3469,0.6327,0.494898,0.965118
0.3469,0.6531,0.5,0.969763
0.3469,0.6735,0.505102,0.974015
0.3469,0.6939,0.510204,0.977887
0.3469,0.7143,0.515306,0.98139
0.3469,0.7347,0.520408,0.984538
0.3469,0.7551,0.52551,0.987342
0.3469,0.7755,0.530612,0.989816
0.3469,0.7959,0.535714,0.991976
0.3469,0.8163,0.540816,0.993834
0.3469,0.8367,0.545918,0.995407
0.3469,0.8571,0.55102,0.99671
0.3469,0.8776,0.556122,0.997762
0.3469,0.898,0.561224,0.998581
0.3469,0.9184,0.566327,0.999188
0.3469,0.9388,0.571429,0.999604
0.3469,0.9592,0.576531,0.999856
0.3469,0.9796,0.581633,0.999975
0.3469,1.0,0.586735,1.0
0.3673,0.0,0.341837,0.59975
0.3673,0.0204,0.346939,0.61986
0.3673,0.0408,0.352041,0.63935
0.3673,0.0612,0.357143,0.658229
0.3673,0.0816,0.362245,0.676501
0.3673,0.102,0.367347,0.694175
0.3673,0.1224,0.372449,0.711257
0.3673,0.1429,0.377551,0.727752
0.3673,0.1633,0.382653,0.743669
0.3673,0.1837,0.387755,0.759014
0.3673,0.2041,0.392857,0.773795
0.3673,0.2245,0.397959,0.788017
0.3673,0.2449,0.403061,0.80169
0.3673,0.2653,0.408163,0.814819
0.3673,0.2857,0.413265,0.827412
0.3673,0.3061,0.418367,0.839477
0.3673,0.3265,0.423469,0.851021
0.3673,0.3469,0.428571,0.862052
0.3673,0.3673,0.433673,0.872578
0.3673,0.3878,0.438776,0.882606
0.3673,0.4082,0.443878,0.892146
0.3673,0.4286,0.44898,0.901205
0.3673,0.449,0.454082,0.909791
0.3673,0.4694,0.459184,0.917913
0.3673,0.4898,0.464286,0.92558
0.3673,0.5102,0.469388,0.9328
0.3673,0.5306,0.47449,0.939583
0.3673,0.551,0.479592,0.945937
0.3673,0.5714,0.484694,0.951873
0.3673,0.5918,0.489796,0.957399
0.3673,0.6122,0.494898,0.962526
0.3673,0.6327,0.5,0.967264
0.3673,0.6531,0.505102,0.971623
0.3673,0.6735,0.510204,0.975614
0.3673,0.6939,0.515306,0.979248
0.3673,0.7143,0.520408,0.982535
0.3673,0.7347,0.52551,0.985489
0.3673,0.7551,0.530612,0.988121
0.3673,0.7755,0.535714,0.990443
0.3673,0.7959,0.540816,0.992469
0.3673,0.8163,0.545918,0.994213
0.3673,0.8367,0.55102,0.995689
0.3673,0.8571,0.556122,0.996913
0.3673,0.8776,0.561224,0.9979
0.3673,0.898,0.566327,0.998669
0.3673,0.9184,0.571429,0.999238
0.3673,0.9388,0.576531,0.999629
0.3673,0.9592,0.581633,0.999865
0.3673,0.9796,0.586735,0.999976
0.3673,1.0,0.591837,1.0
0.3878,0.0,0.346939,0.625156
0.3878,0.0204,0.352041,0.643989
0.3878,0.0408,0.357143,0.662243
0.3878,0.0612,0.362245,0.679923
0.3878,0.0816,0.367347,0.697036
0.3878,0.102,0.372449,0.713588
0.3878,0.1224,0.377551,0.729585
0.3878,0.1429,0.382653,0.745033
0.3878,0.1633,0.387755,0.75994
0.3878,0.1837,0.392857,0.774311
0.3878,0.2041,0.397959,0.788153
0.3878,0.2245,0.403061,0.801473
0.3878,0.2449,0.408163,0.814278
0.3878,0.2653,0.413265,0.826573
0.3878,0.2857,0.418367,0.838367
0.3878,0.3061,0.423469,0.849666
0.3878,0.3265,0.428571,0.860477
0.3878,0.3469,0.433673,0.870808
0.3878,0.3673,0.438776,0.880666
0.3878,0.3878,0.443878,0.890058
0.3878,0.4082,0.44898,0.898992
0.3878,0.4286,0.454082,0.907476
0.3878,0.449,0.459184,0.915517
0.3878,0.4694,0.464286,0.923124
0.3878,0.4898,0.469388,0.930304
0.3878,0.5102,0.47449,0.937066
0.3878,0.5306,0.479592,0.943418
0.3878,0.551,0.484694,0.949369
0.3878,0.5714,0.489796,0.954928
0.3878,0.5918,0.494898,0.960103
0.3878,0.6122,0.5,0.964905
0.3878,0.6327,0.505102,0.969342
0.3878,0.6531,0.510204,0.973424
0.3878,0.6735,0.515306,0.977162
0.3878,0.6939,0.520408,0.980565
0.3878,0.7143,0.52551,0.983644
0.3878,0.7347,0.530612,0.98641
0.3878,0.7551,0.535714,0.988875
0.3878,0.7755,0.540816,0.99105
0.3878,0.7959,0.545918,0.992947
0.3878,0.8163,0.55102,0.99458
0.3878,0.8367,0.556122,0.995963
0.3878,0.8571,0.561224,0.997109
0.3878,0.8776,0.566327,0.998033
0.3878,0.898,0.571429,0.998753
0.3878,0.9184,0.576531,0.999286
0.3878,0.9388,0.581633,0.999652
0.3878,0.9592,0.586735,0.999874
0.3878,0.9796,0.591837,0.999978
0.3878,1.0,0.596939,1.0
0.4082,0.0,0.352041,0.649729
0.4082,0.0204,0.357143,0.667328
0.4082,0.0408,0.362245,0.684385
0.4082,0.0612,0.367347,0.700906
0.4082,0.0816,0.372449,0.716897
0.4082,0.102,0.377551,0.732364
0.4082,0.1224,0.382653,0.747312
0.4082,0.1429,0.387755,0.761748
0.4082,0.1633,0.392857,0.775677
0.4082,0.1837,0.397959,0.789106
0.4082,0.2041,0.403061,0.802041
0.4082,0.2245,0.408163,0.814488
0.4082,0.2449,0.413265,0.826453
0.4082,0.2653,0.418367,0.837942
0.4082,0.2857,0.423469,0.848963
0.4082,0.3061,0.428571,0.859521
0.4082,0.3265,0.433673,0.869624
0.4082,0.3469,0.438776,0.879277
0.4082,0.3673,0.443878,0.888489
0.4082,0.3878,0.44898,0.897265
0.4082,0.4082,0.454082,0.905614
0.4082,0.4286,0.459184,0.913541
0.4082,0.449,0.464286,0.921055
0.4082,0.4694,0.469388,0.928163
0.4082,0.4898,0.47449,0.934873
0.4082,0.5102,0.479592,0.941191
0.4082,0.5306,0.484694,0.947127
0.4082,0.551,0.489796,0.952688
0.4082,0.5714,0.494898,0.957883
0.4082,0.5918,0.5,0.962719
0.4082,0.6122,0.505102,0.967206
0.4082,0.6327,0.510204,0.971352
0.4082,0.6531,0.515306,0.975167
0.4082,0.6735,0.520408,0.978659
0.4082,0.6939,0.52551,0.981839
0.4082,0.7143,0.530612,0.984716
0.4082,0.7347,0.535714,0.987301
0.4082,0.7551,0.540816,0.989604
0.4082,0.7755,0.545918,0.991636
0.4082,0.7959,0.55102,0.99341
0.4082,0.8163,0.556122,0.994936
0.4082,0.8367,0.561224,0.996227
0.4082,0.8571,0.566327,0.997298
0.4082,0.8776,0.571429,0.998162
0.4082,0.898,0.576531,0.998835
0.4082,0.9184,0.581633,0.999333
0.4082,0.9388,0.586735,0.999675
0.4082,0.9592,0.591837,0.999882
0.4082,0.9796,0.596939,0.999979
0.4082,1.0,0.602041,1.0
0.4286,0.0,0.357143,0.673469
0.4286,0.0204,0.362245,0.689875
0.4286,0.0408,0.367347,0.705776
0.4286,0.0612,0.372449,0.721177
0.4286,0.0816,0.377551,0.736084
0.4286,0.102,0.382653,0.750503
0.4286,0.1224,0.387755,0.764438
0.4286,0.1429,0.392857,0.777896
0.4286,0.1633,0.397959,0.790881
0.4286,0.1837,0.403061,0.8034
0.4286,0.2041,0.408163,0.815458
0.4286,0.2245,0.413265,0.827061
0.4286,0.2449,0.418367,0.838215
0.4286,0.2653,0.423469,0.848926
0.4286,0.2857,0.428571,0.8592
0.4286,0.3061,0.433673,0.869042
0.4286,0.3265,0.438776,0.87846
0.4286,0.3469,0.443878,0.88746
0.4286,0.3673,0.44898,0.896047
0.4286,0.3878,0.454082,0.904228
0.4286,0.4082,0.459184,0.912011
0.4286,0.4286,0.464286,0.919401
0.4286,0.449,0.469388,0.926406
0.4286,0.4694,0.47449,0.933032
0.4286,0.4898,0.479592,0.939287
0.4286,0.5102,0.484694,0.945177
0.4286,0.5306,0.489796,0.950711
0.4286,0.551,0.494898,0.955895
0.4286,0.5714,0.5,0.960737
0.4286,0.5918,0.505102,0.965246
0.4286,0.6122,0.510204,0.969428
0.4286,0.6327,0.515306,0.973294
0.4286,0.6531,0.520408,0.97685
0.4286,0.6735,0.52551,0.980105
0.4286,0.6939,0.530612,0.98307
0.4286,0.7143,0.535714,0.985752
0.4286,0.7347,0.540816,0.988162
0.4286,0.7551,0.545918,0.990309
0.4286,0.7755,0.55102,0.992203
0.4286,0.7959,0.556122,0.993856
0.4286,0.8163,0.561224,0.995279
0.4286,0.8367,0.566327,0.996483
0.4286,0.8571,0.571429,0.997481
0.4286,0.8776,0.576531,0.998287
0.4286,0.898,0.581633,0.998914
0.4286,0.9184,0.586735,0.999378
0.4286,0.9388,0.591837,0.999697
0.4286,0.9592,0.596939,0.99989
0.4286,0.9796,0.602041,0.999981
0.4286,1.0,0.607143,1.0
0.449,0.0,0.362245,0.696377
0.449,0.0204,0.367347,0.711631
0.449,0.0408,0.372449,0.726417
0.449,0.0612,0.377551,0.740737
0.449,0.0816,0.382653,0.754599
0.449,0.102,0.387755,0.768006
0.449,0.1224,0.392857,0.780964
0.449,0.1429,0.397959,0.793477
0.449,0.1633,0.403061,0.805551
0.449,0.1837,0.408163,0.817192
0.449,0.2041,0.413265,0.828404
0.449,0.2245,0.418367,0.839193
0.449,0.2449,0.423469,0.849565
0.449,0.2653,0.428571,0.859524
0.449,0.2857,0.433673,0.869077
0.449,0.3061,0.438776,0.878229
0.449,0.3265,0.443878,0.886987
0.449,0.3469,0.44898,0.895355
0.449,0.3673,0.454082,0.903339
0.449,0.3878,0.459184,0.910947
0.449,0.4082,0.464286,0.918184
0.449,0.4286,0.469388,0.925055
0.449,0.449,0.47449,0.931569
0.449,0.4694,0.479592,0.93773
0.449,0.4898,0.484694,0.943546
0.449,0.5102,0.489796,0.949023
0.449,0.5306,0.494898,0.954168
0.449,0.551,0.5,0.958989
0.449,0.5714,0.505102,0.963492
0.449,0.5918,0.510204,0.967684
0.449,0.6122,0.515306,0.971573
0.449,0.6327,0.520408,0.975167
0.449,0.6531,0.52551,0.978474
0.449,0.6735,0.530612,0.981501
0.449,0.6939,0.535714,0.984258
0.449,0.7143,0.540816,0.986752
0.449,0.7347,0.545918,0.988992
0.449,0.7551,0.55102,0.990988
0.449,0.7755,0.556122,0.99275
0.449,0.7959,0.561224,0.994287
0.449,0.8163,0.566327,0.99561
0.449,0.8367,0.571429,0.99673
0.449,0.8571,0.576531,0.997658
0.449,0.8776,0.581633,0.998407
0.449,0.898,0.586735,0.99899
0.449,0.9184,0.591837,0.999422
0.449,0.9388,0.596939,0.999718
0.449,0.9592,0.602041,0.999898
0.449,0.9796,0.607143,0.999982
0.449,1.0,0.612245,1.0
0.4694,0.0,0.367347,0.718451
0.4694,0.0204,0.372449,0.732596
0.4694,0.0408,0.377551,0.746307
0.4694,0.0612,0.382653,0.759586
0.4694,0.0816,0.387755,0.77244
0.4694,0.102,0.392857,0.784872
0.4694,0.1224,0.397959,0.796888
0.4694,0.1429,0.403061,0.808492
0.4694,0.1633,0.408163,0.819688
0.4694,0.1837,0.413265,0.830483
0.4694,0.2041,0.418367,0.84088
0.4694,0.2245,0.423469,0.850884
0.4694,0.2449,0.428571,0.860502
0.4694,0.2653,0.433673,0.869737
0.4694,0.2857,0.438776,0.878596
0.4694,0.3061,0.443878,0.887082
0.4694,0.3265,0.44898,0.895203
0.4694,0.3469,0.454082,0.902963
0.4694,0.3673,0.459184,0.910367
0.4694,0.3878,0.464286,0.917421
0.4694,0.4082,0.469388,0.924132
0.4694,0.4286,0.47449,0.930504
0.4694,0.449,0.479592,0.936544
0.4694,0.4694,0.484694,0.942257
0.4694,0.4898,0.489796,0.94765
0.4694,0.5102,0.494898,0.952729
0.4694,0.5306,0.5,0.9575
0.4694,0.551,0.505102,0.96197
0.4694,0.5714,0.510204,0.966146
0.4694,0.5918,0.515306,0.970033
0.4694,0.6122,0.520408,0.97364
0.4694,0.6327,0.52551,0.976973
0.4694,0.6531,0.530612,0.980039
0.4694,0.6735,0.535714,0.982846
0.4694,0.6939,0.540816,0.985402
0.4694,0.7143,0.545918,0.987715
0.4694,0.7347,0.55102,0.989792
0.4694,0.7551,0.556122,0.991644
0.4694,0.7755,0.561224,0.993277
0.4694,0.7959,0.566327,0.994703
0.4694,0.8163,0.571429,0.995929
0.4694,0.8367,0.576531,0.996968
0.4694,0.8571,0.581633,0.997828
0.4694,0.8776,0.586735,0.998523
0.4694,0.898,0.591837,0.999064
0.4694,0.9184,0.596939,0.999464
0.4694,0.9388,0.602041,0.999739
0.4694,0.9592,0.607143,0.999905
0.4694,0.9796,0.612245,0.999983
0.4694,1.0,0.617347,1.0
0.4898,0.0,0.372449,0.739692
0.4898,0.0204,0.377551,0.75277
0.4898,0.0408,0.382653,0.765446
0.4898,0.0612,0.387755,0.777724
0.4898,0.0816,0.392857,0.789608
0.4898,0.102,0.397959,0.801102
0.4898,0.1224,0.403061,0.812212
0.4898,0.1429,0.408163,0.82294
0.4898,0.1633,0.413265,0.833292
0.4898,0.1837,0.418367,0.843272
0.4898,0.2041,0.423469,0.852884
0.4898,0.2245,0.428571,0.862134
0.4898,0.2449,0.433673,0.871026
0.4898,0.2653,0.438776,0.879565
0.4898,0.2857,0.443878,0.887755
0.4898,0.3061,0.44898,0.895601
0.4898,0.3265,0.454082,0.903109
0.4898,0.3469,0.459184,0.910283
0.4898,0.3673,0.464286,0.917129
0.4898,0.3878,0.469388,0.923651
0.4898,0.4082,0.47449,0.929856
0.4898,0.4286,0.479592,0.935747
0.4898,0.449,0.484694,0.941331
0.4898,0.4694,0.489796,0.946614
0.4898,0.4898,0.494898,0.9516
0.4898,0.5102,0.5,0.956296
0.4898,0.5306,0.505102,0.960707
0.4898,0.551,0.510204,0.96484
0.4898,0.5714,0.515306,0.9687
0.4898,0.5918,0.520408,0.972294
0.4898,0.6122,0.52551,0.975629
0.4898,0.6327,0.530612,0.97871
0.4898,0.6531,0.535714,0.981545
0.4898,0.6735,0.540816,0.98414
0.4898,0.6939,0.545918,0.986503
0.4898,0.7143,0.55102,0.988642
0.4898,0.7347,0.556122,0.990563
0.4898,0.7551,0.561224,0.992274
0.4898,0.7755,0.566327,0.993784
0.4898,0.7959,0.571429,0.995102
0.4898,0.8163,0.576531,0.996236
0.4898,0.8367,0.581633,0.997196
0.4898,0.8571,0.586735,0.997992
0.4898,0.8776,0.591837,0.998634
0.4898,0.898,0.596939,0.999134
0.4898,0.9184,0.602041,0.999504
0.4898,0.9388,0.607143,0.999759
0.4898,0.9592,0.612245,0.999912
0.4898,0.9796,0.617347,0.999985
0.4898,1.0,0.622449,1.0
0.5102,0.0,0.377551,0.7601
0.5102,0.0204,0.382653,0.772153
0.5102,0.0408,0.387755,0.783835
0.5102,0.0612,0.392857,0.795151
0.5102,0.0816,0.397959,0.806103
0.5102,0.102,0.403061,0.816696
0.5102,0.1224,0.408163,0.826934
0.5102,0.1429,0.413265,0.836821
0.5102,0.1633,0.418367,0.846362
0.5102,0.1837,0.423469,0.855559
0.5102,0.2041,0.428571,0.864418
0.5102,0.2245,0.433673,0.872943
0.5102,0.2449,0.438776,0.881138
0.5102,0.2653,0.443878,0.889007
0.5102,0.2857,0.44898,0.896555
0.5102,0.3061,0.454082,0.903786
0.5102,0.3265,0.459184,0.910705
0.5102,0.3469,0.464286,0.917317
0.5102,0.3673,0.469388,0.923626
0.5102,0.3878,0.47449,0.929637
0.5102,0.4082,0.479592,0.935355
0.5102,0.4286,0.484694,0.940785
0.5102,0.449,0.489796,0.945931
0.5102,0.4694,0.494898,0.950799
0.5102,0.4898,0.5,0.955394
0.5102,0.5102,0.505102,0.959722
0.5102,0.5306,0.510204,0.963787
0.5102,0.551,0.515306,0.967596
0.5102,0.5714,0.520408,0.971154
0.5102,0.5918,0.52551,0.974466
0.5102,0.6122,0.530612,0.977539
0.5102,0.6327,0.535714,0.980379
0.5102,0.6531,0.540816,0.982992
0.5102,0.6735,0.545918,0.985384
0.5102,0.6939,0.55102,0.987561
0.5102,0.7143,0.556122,0.989532
0.5102,0.7347,0.561224,0.991302
0.5102,0.7551,0.566327,0.99288
0.5102,0.7755,0.571429,0.994272
0.5102,0.7959,0.576531,0.995486
0.5102,0.8163,0.581633,0.996531
0.5102,0.8367,0.586735,0.997416
0.5102,0.8571,0.591837,0.99815
0.5102,0.8776,0.596939,0.998741
0.5102,0.898,0.602041,0.999202
0.5102,0.9184,0.607143,0.999543
0.5102,0.9388,0.612245,0.999777
0.5102,0.9592,0.617347,0.999919
0.5102,0.9796,0.622449,0.999986
0.5102,1.0,0.627551,1.0
0.5306,0.0,0.382653,0.779675
0.5306,0.0204,0.387755,0.790745
0.5306,0.0408,0.392857,0.801474
0.5306,0.0612,0.397959,0.811866
0.5306,0.0816,0.403061,0.821924
0.5306,0.102,0.408163,0.831653
0.5306,0.1224,0.413265,0.841056
0.5306,0.1429,0.418367,0.850136
0.5306,0.1633,0.423469,0.858898
0.5306,0.1837,0.428571,0.867345
0.5306,0.2041,0.433673,0.875481
0.5306,0.2245,0.438776,0.88331
0.5306,0.2449,0.443878,0.890836
0.5306,0.2653,0.44898,0.898064
0.5306,0.2857,0.454082,0.904996
0.5306,0.3061,0.459184,0.911637
0.5306,0.3265,0.464286,0.917992
0.5306,0.3469,0.469388,0.924064
0.5306,0.3673,0.47449,0.929858
0.5306,0.3878,0.479592,0.935379
0.5306,0.4082,0.484694,0.94063
0.5306,0.4286,0.489796,0.945616
0.5306,0.449,0.494898,0.950343
0.5306,0.4694,0.5,0.954814
0.5306,0.4898,0.505102,0.959034
0.5306,0.5102,0.510204,0.963009
0.5306,0.5306,0.515306,0.966742
0.5306,0.551,0.520408,0.97024
0.5306,0.5714,0.52551,0.973508
0.5306,0.5918,0.530612,0.97655
0.5306,0.6122,0.535714,0.979372
0.5306,0.6327,0.540816,0.98198
0.5306,0.6531,0.545918,0.984379
0.5306,0.6735,0.55102,0.986576
0.5306,0.6939,0.556122,0.988576
0.5306,0.7143,0.561224,0.990386
0.5306,0.7347,0.566327,0.992012
0.5306,0.7551,0.571429,0.993461
0.5306,0.7755,0.576531,0.994739
0.5306,0.7959,0.581633,0.995855
0.5306,0.8163,0.586735,0.996814
0.5306,0.8367,0.591837,0.997627
0.5306,0.8571,0.596939,0.998301
0.5306,0.8776,0.602041,0.998844
0.5306,0.898,0.607143,0.999267
0.5306,0.9184,0.612245,0.999581
0.5306,0.9388,0.617347,0.999796
0.5306,0.9592,0.622449,0.999926
0.5306,0.9796,0.627551,0.999987
0.5306,1.0,0.632653,1.0
0.551,0.0,0.387755,0.798417
0.551,0.0204,0.392857,0.808545
0.551,0.0408,0.397959,0.818362
0.551,0.0612,0.403061,0.82787
0.551,0.0816,0.408163,0.837073
0.551,0.102,0.413265,0.845974
0.551,0.1224,0.418367,0.854577
0.551,0.1429,0.423469,0.862885
0.551,0.1633,0.428571,0.870901
0.551,0.1837,0.433673,0.87863
0.551,0.2041,0.438776,0.886074
0.551,0.2245,0.443878,0.893237
0.551,0.2449,0.44898,0.900123
0.551,0.2653,0.454082,0.906735
0.551,0.2857,0.459184,0.913077
0.551,0.3061,0.464286,0.919154
0.551,0.3265,0.469388,0.924968
0.551,0.3469,0.47449,0.930523
0.551,0.3673,0.479592,0.935825
0.551,0.3878,0.484694,0.940876
0.551,0.4082,0.489796,0.94568
0.551,0.4286,0.494898,0.950243
0.551,0.449,0.5,0.954567
0.551,0.4694,0.505102,0.958658
0.551,0.4898,0.510204,0.962519
0.551,0.5102,0.515306,0.966155
0.551,0.5306,0.520408,0.969571
0.551,0.551,0.52551,0.972772
0.551,0.5714,0.530612,0.975761
0.551,0.5918,0.535714,0.978545
0.551,0.6122,0.540816,0.981127
0.551,0.6327,0.545918,0.983513
0.551,0.6531,0.55102,0.985708
0.551,0.6735,0.556122,0.987718
0.551,0.6939,0.561224,0.989548
0.551,0.7143,0.566327,0.991204
0.551,0.7347,0.571429,0.992692
0.551,0.7551,0.576531,0.994017
0.551,0.7755,0.581633,0.995187
0.551,0.7959,0.586735,0.996207
0.551,0.8163,0.591837,0.997085
0.551,0.8367,0.596939,0.997829
0.551,0.8571,0.602041,0.998445
0.551,0.8776,0.607143,0.998942
0.551,0.898,0.612245,0.99933
0.551,0.9184,0.617347,0.999616
0.551,0.9388,0.622449,0.999813
0.551,0.9592,0.627551,0.999932
0.551,0.9796,0.632653,0.999988
0.551,1.0,0.637755,1.0
0.5714,0.0,0.392857,0.816327
0.5714,0.0204,0.397959,0.825555
0.5714,0.0408,0.403061,0.834499
0.5714,0.0612,0.408163,0.843162
0.5714,0.0816,0.413265,0.851548
0.5714,0.102,0.418367,0.859658
0.5714,0.1224,0.423469,0.867496
0.5714,0.1429,0.428571,0.875066
0.5714,0.1633,0.433673,0.882371
0.5714,0.1837,0.438776,0.889412
0.5714,0.2041,0.443878,0.896195
0.5714,0.2245,0.44898,0.902722
0.5714,0.2449,0.454082,0.908996
0.5714,0.2653,0.459184,0.915021
0.5714,0.2857,0.464286,0.9208
0.5714,0.3061,0.469388,0.926336
0.5714,0.3265,0.47449,0.931634
0.5714,0.3469,0.479592,0.936696
0.5714,0.3673,0.484694,0.941526
0.5714,0.3878,0.489796,0.946128
0.5714,0.4082,0.494898,0.950506
0.5714,0.4286,0.5,0.954663
0.5714,0.449,0.505102,0.958603
0.5714,0.4694,0.510204,0.962331
0.5714,0.4898,0.515306,0.965849
0.5714,0.5102,0.520408,0.969162
0.5714,0.5306,0.52551,0.972275
0.5714,0.551,0.530612,0.975191
0.5714,0.5714,0.535714,0.977915
0.5714,0.5918,0.540816,0.980451
0.5714,0.6122,0.545918,0.982803
0.5714,0.6327,0.55102,0.984978
0.5714,0.6531,0.556122,0.986978
0.5714,0.6735,0.561224,0.988809
0.5714,0.6939,0.566327,0.990477
0.5714,0.7143,0.571429,0.991986
0.5714,0.7347,0.576531,0.993341
0.5714,0.7551,0.581633,0.994549
0.5714,0.7755,0.586735,0.995614
0.5714,0.7959,0.591837,0.996544
0.5714,0.8163,0.596939,0.997344
0.5714,0.8367,0.602041,0.998022
0.5714,0.8571,0.607143,0.998583
0.5714,0.8776,0.612245,0.999036
0.5714,0.898,0.617347,0.999389
0.5714,0.9184,0.622449,0.99965
0.5714,0.9388,0.627551,0.99983
0.5714,0.9592,0.632653,0.999938
0.5714,0.9796,0.637755,0.999989
0.5714,1.0,0.642857,1.0
0.5918,0.0,0.397959,0.833403
0.5918,0.0204,0.403061,0.841773
0.5918,0.0408,0.408163,0.849886
0.5918,0.0612,0.413265,0.857743
0.5918,0.0816,0.418367,0.865349
0.5918,0.102,0.423469,0.872706
0.5918,0.1224,0.428571,0.879815
0.5918,0.1429,0.433673,0.886681
0.5918,0.1633,0.438776,0.893307
0.5918,0.1837,0.443878,0.899694
0.5918,0.2041,0.44898,0.905846
0.5918,0.2245,0.454082,0.911766
0.5918,0.2449,0.459184,0.917457
0.5918,0.2653,0.464286,0.922921
0.5918,0.2857,0.469388,0.928163
0.5918,0.3061,0.47449,0.933185
0.5918,0.3265,0.479592,0.93799
0.5918,0.3469,0.484694,0.942581
0.5918,0.3673,0.489796,0.946963
0.5918,0.3878,0.494898,0.951137
0.5918,0.4082,0.5,0.955108
0.5918,0.4286,0.505102,0.958878
0.5918,0.449,0.510204,0.962452
0.5918,0.4694,0.515306,0.965833
0.5918,0.4898,0.520408,0.969024
0.5918,0.5102,0.52551,0.972029
0.5918,0.5306,0.530612,0.974852
0.5918,0.551,0.535714,0.977497
0.5918,0.5714,0.540816,0.979968
0.5918,0.5918,0.545918,0.982268
0.5918,0.6122,0.55102,0.984402
0.5918,0.6327,0.556122,0.986374
0.5918,0.6531,0.561224,0.988189
0.5918,0.6735,0.566327,0.98985
0.5918,0.6939,0.571429,0.991362
0.5918,0.7143,0.576531,0.992731
0.5918,0.7347,0.581633,0.99396
0.5918,0.7551,0.586735,0.995055
0.5918,0.7755,0.591837,0.996022
0.5918,0.7959,0.596939,0.996865
0.5918,0.8163,0.602041,0.997591
0.5918,0.8367,0.607143,0.998206
0.5918,0.8571,0.612245,0.998715
0.5918,0.8776,0.617347,0.999126
0.5918,0.898,0.622449,0.999446
0.5918,0.9184,0.627551,0.999683
0.5918,0.9388,0.632653,0.999845
0.5918,0.9592,0.637755,0.999944
0.5918,0.9796,0.642857,0.99999
0.5918,1.0,0.647959,1.0
0.6122,0.0,0.403061,0.849646
0.6122,0.0204,0.408163,0.8572
0.6122,0.0408,0.413265,0.864522
0.6122,0.0612,0.418367,0.871613
0.6122,0.0816,0.423469,0.878478
0.6122,0.102,0.428571,0.885117
0.6122,0.1224,0.433673,0.891533
0.6122,0.1429,0.438776,0.89773
0.6122,0.1633,0.443878,0.903709
0.6122,0.1837,0.44898,0.909474
0.6122,0.2041,0.454082,0.915026
0.6122,0.2245,0.459184,0.920369
0.6122,0.2449,0.464286,0.925505
0.6122,0.2653,0.469388,0.930437
0.6122,0.2857,0.47449,0.935167
0.6122,0.3061,0.479592,0.939699
0.6122,0.3265,0.484694,0.944036
0.6122,0.3469,0.489796,0.94818
0.6122,0.3673,0.494898,0.952134
0.6122,0.3878,0.5,0.955901
0.6122,0.4082,0.505102,0.959485
0.6122,0.4286,0.510204,0.962888
0.6122,0.449,0.515306,0.966113
0.6122,0.4694,0.520408,0.969164
0.6122,0.4898,0.52551,0.972044
0.6122,0.5102,0.530612,0.974756
0.6122,0.5306,0.535714,0.977304
0.6122,0.551,0.540816,0.979691
0.6122,0.5714,0.545918,0.981921
0.6122,0.5918,0.55102,0.983997
0.6122,0.6122,0.556122,0.985923
0.6122,0.6327,0.561224,0.987703
0.6122,0.6531,0.566327,0.98934
0.6122,0.6735,0.571429,0.990839
0.6122,0.6939,0.576531,0.992204
0.6122,0.7143,0.581633,0.993439
0.6122,0.7347,0.586735,0.994549
0.6122,0.7551,0.591837,0.995538
0.6122,0.7755,0.596939,0.99641
0.6122,0.7959,0.602041,0.997171
0.6122,0.8163,0.607143,0.997826
0.6122,0.8367,0.612245,0.998381
0.6122,0.8571,0.617347,0.99884
0.6122,0.8776,0.622449,0.999211
0.6122,0.898,0.627551,0.9995
0.6122,0.9184,0.632653,0.999714
0.6122,0.9388,0.637755,0.999861
0.6122,0.9592,0.642857,0.999949
0.6122,0.9796,0.647959,0.999991
0.6122,1.0,0.653061,1.0
0.6327,0.0,0.408163,0.865056
0.6327,0.0204,0.413265,0.871836
0.6327,0.0408,0.418367,0.878407
0.6327,0.0612,0.423469,0.884772
0.6327,0.0816,0.428571,0.890933
0.6327,0.102,0.433673,0.896892
0.6327,0.1224,0.438776,0.90265
0.6327,0.1429,0.443878,0.908212
0.6327,0.1633,0.44898,0.913578
0.6327,0.1837,0.454082,0.918752
0.6327,0.2041,0.459184,0.923735
0.6327,0.2245,0.464286,0.92853
0.6327,0.2449,0.469388,0.93314
0.6327,0.2653,0.47449,0.937566
0.6327,0.2857,0.479592,0.941812
0.6327,0.3061,0.484694,0.94588
0.6327,0.3265,0.489796,0.949772
0.6327,0.3469,0.494898,0.953491
0.6327,0.3673,0.5,0.95704
0.6327,0.3878,0.505102,0.960421
0.6327,0.4082,0.510204,0.963637
0.6327,0.4286,0.515306,0.966691
0.6327,0.449,0.520408,0.969586
0.6327,0.4694,0.52551,0.972324
0.6327,0.4898,0.530612,0.974909
0.6327,0.5102,0.535714,0.977344
0.6327,0.5306,0.540816,0.97963
0.6327,0.551,0.545918,0.981773
0.6327,0.5714,0.55102,0.983774
0.6327,0.5918,0.556122,0.985637
0.6327,0.6122,0.561224,0.987366
0.6327,0.6327,0.566327,0.988963
0.6327,0.6531,0.571429,0.990433
0.6327,0.6735,0.576531,0.991778
0.6327,0.6939,0.581633,0.993003
0.6327,0.7143,0.586735,0.994112
0.6327,0.7347,0.591837,0.995108
0.6327,0.7551,0.596939,0.995995
0.6327,0.7755,0.602041,0.996778
0.6327,0.7959,0.607143,0.997461
0.6327,0.8163,0.612245,0.998049
0.6327,0.8367,0.617347,0.998547
0.6327,0.8571,0.622449,0.998959
0.6327,0.8776,0.627551,0.999292
0.6327,0.898,0.632653,0.999551
0.6327,0.9184,0.637755,0.999743
0.6327,0.9388,0.642857,0.999875
0.6327,0.9592,0.647959,0.999955
0.6327,0.9796,0.653061,0.999992
0.6327,1.0,0.658163,1.0
0.6531,0.0,0.413265,0.879633
0.6531,0.0204,0.418367,0.885681
0.6531,0.0408,0.423469,0.891542
0.6531,0.0612,0.428571,0.89722
0.6531,0.0816,0.433673,0.902715
0.6531,0.102,0.438776,0.90803
0.6531,0.1224,0.443878,0.913167
0.6531,0.1429,0.44898,0.918127
0.6531,0.1633,0.454082,0.922914
0.6531,0.1837,0.459184,0.927529
0.6531,0.2041,0.464286,0.931974
0.6531,0.2245,0.469388,0.936251
0.6531,0.2449,0.47449,0.940362
0.6531,0.2653,0.479592,0.944311
0.6531,0.2857,0.484694,0.948098
0.6531,0.3061,0.489796,0.951726
0.6531,0.3265,0.494898,0.955198
0.6531,0.3469,0.5,0.958515
0.6531,0.3673,0.505102,0.961681
0.6531,0.3878,0.510204,0.964696
0.6531,0.4082,0.515306,0.967565
0.6531,0.4286,0.520408,0.970289
0.6531,0.449,0.52551,0.972872
0.6531,0.4694,0.530612,0.975314
0.6531,0.4898,0.535714,0.97762
0.6531,0.5102,0.540816,0.979791
0.6531,0.5306,0.545918,0.981831
0.6531,0.551,0.55102,0.983742
0.6531,0.5714,0.556122,0.985527
0.6531,0.5918,0.561224,0.987189
0.6531,0.6122,0.566327,0.988731
0.6531,0.6327,0.571429,0.990155
0.6531,0.6531,0.576531,0.991466
0.6531,0.6735,0.581633,0.992666
0.6531,0.6939,0.586735,0.993759
0.6531,0.7143,0.591837,0.994748
0.6531,0.7347,0.596939,0.995636
0.6531,0.7551,0.602041,0.996428
0.6531,0.7755,0.607143,0.997126
0.6531,0.7959,0.612245,0.997735
0.6531,0.8163,0.617347,0.99826
0.6531,0.8367,0.622449,0.998704
0.6531,0.8571,0.627551,0.999072
0.6531,0.8776,0.632653,0.999368
0.6531,0.898,0.637755,0.9996
0.6531,0.9184,0.642857,0.999771
0.6531,0.9388,0.647959,0.999888
0.6531,0.9592,0.653061,0.999959
0.6531,0.9796,0.658163,0.999993
0.6531,1.0,0.663265,1.0
0.6735,0.0,0.418367,0.893378
0.6735,0.0204,0.423469,0.898735
0.6735,0.0408,0.428571,0.903927
0.6735,0.0612,0.433673,0.908956
0.6735,0.0816,0.438776,0.913823
0.6735,0.102,0.443878,0.918532
0.6735,0.1224,0.44898,0.923082
0.6735,0.1429,0.454082,0.927476
0.6735,0.1633,0.459184,0.931716
0.6735,0.1837,0.464286,0.935804
0.6735,0.2041,0.469388,0.939741
0.6735,0.2245,0.47449,0.94353
0.6735,0.2449,0.479592,0.947172
0.6735,0.2653,0.484694,0.95067
0.6735,0.2857,0.489796,0.954024
0.6735,0.3061,0.494898,0.957238
0.6735,0.3265,0.5,0.960314
0.6735,0.3469,0.505102,0.963252
0.6735,0.3673,0.510204,0.966056
0.6735,0.3878,0.515306,0.968728
0.6735,0.4082,0.520408,0.971269
0.6735,0.4286,0.52551,0.973682
0.6735,0.449,0.530612,0.975969
0.6735,0.4694,0.535714,0.978133
0.6735,0.4898,0.540816,0.980175
0.6735,0.5102,0.545918,0.982099
0.6735,0.5306,0.55102,0.983906
0.6735,0.551,0.556122,0.985598
0.6735,0.5714,0.561224,0.987179
0.6735,0.5918,0.566327,0.988652
0.6735,0.6122,0.571429,0.990017
0.6735,0.6327,0.576531,0.99128
0.6735,0.6531,0.581633,0.992441
0.6735,0.6735,0.586735,0.993504
0.6735,0.6939,0.591837,0.994472
0.6735,0.7143,0.596939,0.995348
0.6735,0.7347,0.602041,0.996134
0.6735,0.7551,0.607143,0.996835
0.6735,0.7755,0.612245,0.997454
0.6735,0.7959,0.617347,0.997994
0.6735,0.8163,0.622449,0.998458
0.6735,0.8367,0.627551,0.998852
0.6735,0.8571,0.632653,0.999178
0.6735,0.8776,0.637755,0.999441
0.6735,0.898,0.642857,0.999645
0.6735,0.9184,0.647959,0.999797
0.6735,0.9388,0.653061,0.999901
0.6735,0.9592,0.658163,0.999964
0.6735,0.9796,0.663265,0.999994
0.6735,1.0,0.668367,1.0
0.6939,0.0,0.423469,0.906289
0.6939,0.0204,0.428571,0.910997
0.6939,0.0408,0.433673,0.915561
0.6939,0.0612,0.438776,0.919981
0.6939,0.0816,0.443878,0.924259
0.6939,0.102,0.44898,0.928397
0.6939,0.1224,0.454082,0.932396
0.6939,0.1429,0.459184,0.936258
0.6939,0.1633,0.464286,0.939985
0.6939,0.1837,0.469388,0.943578
0.6939,0.2041,0.47449,0.947038
0.6939,0.2245,0.479592,0.950368
0.6939,0.2449,0.484694,0.953569
0.6939,0.2653,0.489796,0.956643
0.6939,0.2857,0.494898,0.959592
0.6939,0.3061,0.5,0.962416
0.6939,0.3265,0.505102,0.965119
0.6939,0.3469,0.510204,0.967702
0.6939,0.3673,0.515306,0.970166
0.6939,0.3878,0.520408,0.972515
0.6939,0.4082,0.52551,0.974748
0.6939,0.4286,0.530612,0.976869
0.6939,0.449,0.535714,0.978879
0.6939,0.4694,0.540816,0.980781
0.6939,0.4898,0.545918,0.982576
0.6939,0.5102,0.55102,0.984266
0.6939,0.5306,0.556122,0.985854
0.6939,0.551,0.561224,0.987342
0.6939,0.5714,0.566327,0.988732
0.6939,0.5918,0.571429,0.990026
0.6939,0.6122,0.576531,0.991226
0.6939,0.6327,0.581633,0.992336
0.6939,0.6531,0.586735,0.993356
0.6939,0.6735,0.591837,0.99429
0.6939,0.6939,0.596939,0.995141
0.6939,0.7143,0.602041,0.995911
0.6939,0.7347,0.607143,0.996603
0.6939,0.7551,0.612245,0.997219
0.6939,0.7755,0.617347,0.997762
0.6939,0.7959,0.622449,0.998237
0.6939,0.8163,0.627551,0.998645
0.6939,0.8367,0.632653,0.998991
0.6939,0.8571,0.637755,0.999277
0.6939,0.8776,0.642857,0.999508
0.6939,0.898,0.647959,0.999688
0.6939,0.9184,0.653061,0.999822
0.6939,0.9388,0.658163,0.999913
0.6939,0.9592,0.663265,0.999968
0.6939,0.9796,0.668367,0.999994
0.6939,1.0,0.673469,1.0
0.7143,0.0,0.428571,0.918367
0.7143,0.0204,0.433673,0.922469
0.7143,0.0408,0.438776,0.926444
0.7143,0.0612,0.443878,0.930294
0.7143,0.0816,0.44898,0.934021
0.7143,0.102,0.454082,0.937626
0.7143,0.1224,0.459184,0.94111
0.7143,0.1429,0.464286,0.944474
0.7143,0.1633,0.469388,0.94772
0.7143,0.1837,0.47449,0.95085
0.7143,0.2041,0.479592,0.953865
0.7143,0.2245,0.484694,0.956765
0.7143,0.2449,0.489796,0.959554
0.7143,0.2653,0.494898,0.962231
0.7143,0.2857,0.5,0.9648
0.7143,0.3061,0.505102,0.967261
0.7143,0.3265,0.510204,0.969615
0.7143,0.3469,0.515306,0.971865
0.7143,0.3673,0.520408,0.974012
0.7143,0.3878,0.52551,0.976057
0.7143,0.4082,0.530612,0.978003
0.7143,0.4286,0.535714,0.97985
0.7143,0.449,0.540816,0.981601
0.7143,0.4694,0.545918,0.983258
0.7143,0.4898,0.55102,0.984822
0.7143,0.5102,0.556122,0.986294
0.7143,0.5306,0.561224,0.987678
0.7143,0.551,0.566327,0.988974
0.7143,0.5714,0.571429,0.990184
0.7143,0.5918,0.576531,0.991311
0.7143,0.6122,0.581633,0.992357
0.7143,0.6327,0.586735,0.993323
0.7143,0.6531,0.591837,0.994212
0.7143,0.6735,0.596939,0.995026
0.7143,0.6939,0.602041,0.995767
0.7143,0.7143,0.607143,0.996438
0.7143,0.7347,0.612245,0.99704
0.7143,0.7551,0.617347,0.997577
0.7143,0.7755,0.622449,0.998051
0.7143,0.7959,0.627551,0.998464
0.7143,0.8163,0.632653,0.99882
0.7143,0.8367,0.637755,0.999121
0.7143,0.8571,0.642857,0.99937
0.7143,0.8776,0.647959,0.999572
0.7143,0.898,0.653061,0.999728
0.7143,0.9184,0.658163,0.999845
0.7143,0.9388,0.663265,0.999924
0.7143,0.9592,0.668367,0.999973
0.7143,0.9796,0.673469,0.999995
0.7143,1.0,0.678571,1.0
0.7347,0.0,0.433673,0.929613
0.7347,0.0204,0.438776,0.933149
0.7347,0.0408,0.443878,0.936577
0.7347,0.0612,0.44898,0.939897
0.7347,0.0816,0.454082,0.94311
0.7347,0.102,0.459184,0.946218
0.7347,0.1224,0.464286,0.949222
0.7347,0.1429,0.469388,0.952123
0.7347,0.1633,0.47449,0.954922
0.7347,0.1837,0.479592,0.957621
0.7347,0.2041,0.484694,0.96022
0.7347,0.2245,0.489796,0.962721
0.7347,0.2449,0.494898,0.965125
0.7347,0.2653,0.5,0.967434
0.7347,0.2857,0.505102,0.969649
0.7347,0.3061,0.510204,0.971771
0.7347,0.3265,0.515306,0.973801
0.7347,0.3469,0.520408,0.975741
0.7347,0.3673,0.52551,0.977592
0.7347,0.3878,0.530612,0.979355
0.7347,0.4082,0.535714,0.981033
0.7347,0.4286,0.540816,0.982626
0.7347,0.449,0.545918,0.984136
0.7347,0.4694,0.55102,0.985564
0.7347,0.4898,0.556122,0.986913
0.7347,0.5102,0.561224,0.988182
0.7347,0.5306,0.566327,0.989375
0.7347,0.551,0.571429,0.990493
0.7347,0.5714,0.576531,0.991536
0.7347,0.5918,0.581633,0.992508
0.7347,0.6122,0.586735,0.99341
0.7347,0.6327,0.591837,0.994243
0.7347,0.6531,0.596939,0.99501
0.7347,0.6735,0.602041,0.995712
0.7347,0.6939,0.607143,0.996351
0.7347,0.7143,0.612245,0.996929
0.7347,0.7347,0.617347,0.997448
0.7347,0.7551,0.622449,0.997911
0.7347,0.7755,0.627551,0.998319
0.7347,0.7959,0.632653,0.998676
0.7347,0.8163,0.637755,0.998982
0.7347,0.8367,0.642857,0.999242
0.7347,0.8571,0.647959,0.999457
0.7347,0.8776,0.653061,0.999631
0.7347,0.898,0.658163,0.999766
0.7347,0.9184,0.663265,0.999866
0.7347,0.9388,0.668367,0.999935
0.7347,0.9592,0.673469,0.999976
0.7347,0.9796,0.678571,0.999996
0.7347,1.0,0.683673,1.0
0.7551,0.0,0.438776,0.940025
0.7551,0.0204,0.443878,0.943038
0.7551,0.0408,0.44898,0.945959
0.7551,0.0612,0.454082,0.948788
0.7551,0.0816,0.459184,0.951526
0.7551,0.102,0.464286,0.954174
0.7551,0.1224,0.469388,0.956734
0.7551,0.1429,0.47449,0.959205
0.7551,0.1633,0.479592,0.96159
0.7551,0.1837,0.484694,0.96389
0.7551,0.2041,0.489796,0.966105
0.7551,0.2245,0.494898,0.968236
0.7551,0.2449,0.5,0.970284
0.7551,0.2653,0.505102,0.972252
0.7551,0.2857,0.510204,0.974139
0.7551,0.3061,0.515306,0.975947
0.7551,0.3265,0.520408,0.977676
0.7551,0.3469,0.52551,0.979329
0.7551,0.3673,0.530612,0.980907
0.7551,0.3878,0.535714,0.982409
0.7551,0.4082,0.540816,0.983839
0.7551,0.4286,0.545918,0.985196
0.7551,0.449,0.55102,0.986483
0.7551,0.4694,0.556122,0.9877
0.7551,0.4898,0.561224,0.988849
0.7551,0.5102,0.566327,0.98993
0.7551,0.5306,0.571429,0.990947
0.7551,0.551,0.576531,0.991899
0.7551,0.5714,0.581633,0.992788
0.7551,0.5918,0.586735,0.993617
0.7551,0.6122,0.591837,0.994385
0.7551,0.6327,0.596939,0.995095
0.7551,0.6531,0.602041,0.995748
0.7551,0.6735,0.607143,0.996346
0.7551,0.6939,0.612245,0.99689
0.7551,0.7143,0.617347,0.997383
0.7551,0.7347,0.622449,0.997826
0.7551,0.7551,0.627551,0.99822
0.7551,0.7755,0.632653,0.998568
0.7551,0.7959,0.637755,0.998872
0.7551,0.8163,0.642857,0.999133
0.7551,0.8367,0.647959,0.999354
0.7551,0.8571,0.653061,0.999537
0.7551,0.8776,0.658163,0.999685
0.7551,0.898,0.663265,0.999801
0.7551,0.9184,0.668367,0.999886
0.7551,0.9388,0.673469,0.999944
0.7551,0.9592,0.678571,0.99998
0.7551,0.9796,0.683673,0.999996
0.7551,1.0,0.688776,1.0
0.7755,0.0,0.443878,0.949604
0.7755,0.0204,0.44898,0.952136
0.7755,0.0408,0.454082,0.95459
0.7755,0.0612,0.459184,0.956967
0.7755,0.0816,0.464286,0.959268
0.7755,0.102,0.469388,0.961493
0.7755,0.1224,0.47449,0.963644
0.7755,0.1429,0.479592,0.965721
0.7755,0.1633,0.484694,0.967725
0.7755,0.1837,0.489796,0.969657
0.7755,0.2041,0.494898,0.971518
0.7755,0.2245,0.5,0.973309
0.7755,0.2449,0.505102,0.975031
0.7755,0.2653,0.510204,0.976684
0.7755,0.2857,0.515306,0.978269
0.7755,0.3061,0.520408,0.979788
0.7755,0.3265,0.52551,0.981242
0.7755,0.3469,0.530612,0.982631
0.7755,0.3673,0.535714,0.983956
0.7755,0.3878,0.540816,0.985219
0.7755,0.4082,0.545918,0.98642
0.7755,0.4286,0.55102,0.987561
0.7755,0.449,0.556122,0.988642
0.7755,0.4694,0.561224,0.989664
0.7755,0.4898,0.566327,0.99063
0.7755,0.5102,0.571429,0.991539
0.7755,0.5306,0.576531,0.992393
0.7755,0.551,0.581633,0.993193
0.7755,0.5714,0.586735,0.99394
0.7755,0.5918,0.591837,0.994636
0.7755,0.6122,0.596939,0.995282
0.7755,0.6327,0.602041,0.995878
0.7755,0.6531,0.607143,0.996427
0.7755,0.6735,0.612245,0.99693
0.7755,0.6939,0.617347,0.997387
0.7755,0.7143,0.622449,0.997801
0.7755,0.7347,0.627551,0.998173
0.7755,0.7551,0.632653,0.998504
0.7755,0.7755,0.637755,0.998797
0.7755,0.7959,0.642857,0.999052
0.7755,0.8163,0.647959,0.999271
0.7755,0.8367,0.653061,0.999457
0.7755,0.8571,0.658163,0.999611
0.7755,0.8776,0.663265,0.999736
0.7755,0.898,0.668367,0.999832
0.7755,0.9184,0.673469,0.999904
0.7755,0.9388,0.678571,0.999953
0.7755,0.9592,0.683673,0.999983
0.7755,0.9796,0.688776,0.999997
0.7755,1.0,0.693878,1.0
0.7959,0.0,0.44898,0.958351
0.7959,0.0204,0.454082,0.960443
0.7959,0.0408,0.459184,0.962471
0.7959,0.0612,0.464286,0.964436
0.7959,0.0816,0.469388,0.966337
0.7959,0.102,0.47449,0.968176
0.7959,0.1224,0.479592,0.969954
0.7959,0.1429,0.484694,0.97167
0.7959,0.1633,0.489796,0.973327
0.7959,0.1837,0.494898,0.974923
0.7959,0.2041,0.5,0.976461
0.7959,0.2245,0.505102,0.977941
0.7959,0.2449,0.510204,0.979364
0.7959,0.2653,0.515306,0.98073
0.7959,0.2857,0.520408,0.982041
0.7959,0.3061,0.52551,0.983296
0.7959,0.3265,0.530612,0.984497
0.7959,0.3469,0.535714,0.985645
0.7959,0.3673,0.540816,0.986741
0.7959,0.3878,0.545918,0.987784
0.7959,0.4082,0.55102,0.988777
0.7959,0.4286,0.556122,0.98972
0.7959,0.449,0.561224,0.990613
0.7959,0.4694,0.566327,0.991458
0.7959,0.4898,0.571429,0.992256
0.7959,0.5102,0.576531,0.993007
0.7959,0.5306,0.581633,0.993713
0.7959,0.551,0.586735,0.994374
0.7959,0.5714,0.591837,0.994992
0.7959,0.5918,0.596939,0.995567
0.7959,0.6122,0.602041,0.996101
0.7959,0.6327,0.607143,0.996594
0.7959,0.6531,0.612245,0.997047
0.7959,0.6735,0.617347,0.997462
0.7959,0.6939,0.622449,0.997841
0.7959,0.7143,0.627551,0.998183
0.7959,0.7347,0.632653,0.99849
0.7959,0.7551,0.637755,0.998764
0.7959,0.7755,0.642857,0.999006
0.7959,0.7959,0.647959,0.999216
0.7959,0.8163,0.653061,0.999398
0.7959,0.8367,0.658163,0.999551
0.7959,0.8571,0.663265,0.999679
0.7959,0.8776,0.668367,0.999781
0.7959,0.898,0.673469,0.999861
0.7959,0.9184,0.678571,0.999921
0.7959,0.9388,0.683673,0.999961
0.7959,0.9592,0.688776,0.999986
0.7959,0.9796,0.693878,0.999998
0.7959,1.0,0.69898,1.0
0.8163,0.0,0.454082,0.966264
0.8163,0.0204,0.459184,0.967959
0.8163,0.0408,0.464286,0.969602
0.8163,0.0612,0.469388,0.971193
0.8163,0.0816,0.47449,0.972733
0.8163,0.102,0.479592,0.974223
0.8163,0.1224,0.484694,0.975663
0.8163,0.1429,0.489796,0.977053
0.8163,0.1633,0.494898,0.978395
0.8163,0.1837,0.5,0.979688
0.8163,0.2041,0.505102,0.980934
0.8163,0.2245,0.510204,0.982133
0.8163,0.2449,0.515306,0.983285
0.8163,0.2653,0.520408,0.984392
0.8163,0.2857,0.52551,0.985453
0.8163,0.3061,0.530612,0.98647
0.8163,0.3265,0.535714,0.987443
0.8163,0.3469,0.540816,0.988373
0.8163,0.3673,0.545918,0.98926
0.8163,0.3878,0.55102,0.990105
0.8163,0.4082,0.556122,0.990909
0.8163,0.4286,0.561224,0.991673
0.8163,0.449,0.566327,0.992397
0.8163,0.4694,0.571429,0.993081
0.8163,0.4898,0.576531,0.993727
0.8163,0.5102,0.581633,0.994336
0.8163,0.5306,0.586735,0.994908
0.8163,0.551,0.591837,0.995443
0.8163,0.5714,0.596939,0.995944
0.8163,0.5918,0.602041,0.996409
0.8163,0.6122,0.607143,0.996841
0.8163,0.6327,0.612245,0.997241
0.8163,0.6531,0.617347,0.997608
0.8163,0.6735,0.622449,0.997945
0.8163,0.6939,0.627551,0.998251
0.8163,0.7143,0.632653,0.998528
0.8163,0.7347,0.637755,0.998777
0.8163,0.7551,0.642857,0.998999
0.8163,0.7755,0.647959,0.999194
0.8163,0.7959,0.653061,0.999365
0.8163,0.8163,0.658163,0.999512
0.8163,0.8367,0.663265,0.999637
0.8163,0.8571,0.668367,0.99974
0.8163,0.8776,0.673469,0.999823
0.8163,0.898,0.678571,0.999888
0.8163,0.9184,0.683673,0.999936
0.8163,0.9388,0.688776,0.999969
0.8163,0.9592,0.693878,0.999989
0.8163,0.9796,0.69898,0.999998
0.8163,1.0,0.704082,1.0
0.8367,0.0,0.459184,0.973344
0.8367,0.0204,0.464286,0.974684
0.8367,0.0408,0.469388,0.975982
0.8367,0.0612,0.47449,0.977239
0.8367,0.0816,0.479592,0.978456
0.8367,0.102,0.484694,0.979633
0.8367,0.1224,0.489796,0.98077
0.8367,0.1429,0.494898,0.981869
0.8367,0.1633,0.5,0.982929
0.8367,0.1837,0.505102,0.983951
0.8367,0.2041,0.510204,0.984935
0.8367,0.2245,0.515306,0.985883
0.8367,0.2449,0.520408,0.986793
0.8367,0.2653,0.52551,0.987667
0.8367,0.2857,0.530612,0.988506
0.8367,0.3061,0.535714,0.98931
0.8367,0.3265,0.540816,0.990078
0.8367,0.3469,0.545918,0.990813
0.8367,0.3673,0.55102,0.991514
0.8367,0.3878,0.556122,0.992182
0.8367,0.4082,0.561224,0.992817
0.8367,0.4286,0.566327,0.993421
0.8367,0.449,0.571429,0.993992
0.8367,0.4694,0.576531,0.994533
0.8367,0.4898,0.581633,0.995044
0.8367,0.5102,0.586735,0.995525
0.8367,0.5306,0.591837,0.995976
0.8367,0.551,0.596939,0.9964
0.8367,0.5714,0.602041,0.996795
0.8367,0.5918,0.607143,0.997163
0.8367,0.6122,0.612245,0.997504
0.8367,0.6327,0.617347,0.99782
0.8367,0.6531,0.622449,0.99811
0.8367,0.6735,0.627551,0.998376
0.8367,0.6939,0.632653,0.998618
0.8367,0.7143,0.637755,0.998837
0.8367,0.7347,0.642857,0.999034
0.8367,0.7551,0.647959,0.999209
0.8367,0.7755,0.653061,0.999364
0.8367,0.7959,0.658163,0.999498
0.8367,0.8163,0.663265,0.999615
0.8367,0.8367,0.668367,0.999713
0.8367,0.8571,0.673469,0.999794
0.8367,0.8776,0.678571,0.99986
0.8367,0.898,0.683673,0.999911
0.8367,0.9184,0.688776,0.999949
0.8367,0.9388,0.693878,0.999975
0.8367,0.9592,0.69898,0.999991
0.8367,0.9796,0.704082,0.999998
0.8367,1.0,0.709184,1.0
0.8571,0.0,0.464286,0.979592
0.8571,0.0204,0.469388,0.980617
0.8571,0.0408,0.47449,0.981611
0.8571,0.0612,0.479592,0.982574
0.8571,0.0816,0.484694,0.983505
0.8571,0.102,0.489796,0.984406
0.8571,0.1224,0.494898,0.985277
0.8571,0.1429,0.5,0.986118
0.8571,0.1633,0.505102,0.98693
0.8571,0.1837,0.510204,0.987712
0.8571,0.2041,0.515306,0.988466
0.8571,0.2245,0.520408,0.989191
0.8571,0.2449,0.52551,0.989888
0.8571,0.2653,0.530612,0.990558
0.8571,0.2857,0.535714,0.9912
0.8571,0.3061,0.540816,0.991815
0.8571,0.3265,0.545918,0.992404
0.8571,0.3469,0.55102,0.992966
0.8571,0.3673,0.556122,0.993503
0.8571,0.3878,0.561224,0.994014
0.8571,0.4082,0.566327,0.994501
0.8571,0.4286,0.571429,0.994963
0.8571,0.449,0.576531,0.9954
0.8571,0.4694,0.581633,0.995815
0.8571,0.4898,0.586735,0.996205
0.8571,0.5102,0.591837,0.996574
0.8571,0.5306,0.596939,0.996919
0.8571,0.551,0.602041,0.997243
0.8571,0.5714,0.607143,0.997546
0.8571,0.5918,0.612245,0.997828
0.8571,0.6122,0.617347,0.998089
0.8571,0.6327,0.622449,0.998331
0.8571,0.6531,0.627551,0.998553
0.8571,0.6735,0.632653,0.998757
0.8571,0.6939,0.637755,0.998942
0.8571,0.7143,0.642857,0.99911
0.8571,0.7347,0.647959,0.99926
0.8571,0.7551,0.653061,0.999394
0.8571,0.7755,0.658163,0.999513
0.8571,0.7959,0.663265,0.999616
0.8571,0.8163,0.668367,0.999705
0.8571,0.8367,0.673469,0.99978
0.8571,0.8571,0.678571,0.999843
0.8571,0.8776,0.683673,0.999893
0.8571,0.898,0.688776,0.999932
0.8571,0.9184,0.693878,0.999961
0.8571,0.9388,0.69898,0.999981
0.8571,0.9592,0.704082,0.999993
0.8571,0.9796,0.709184,0.999999
0.8571,1.0,0.714286,1.0
0.8776,0.0,0.469388,0.985006
0.8776,0.0204,0.47449,0.98576
0.8776,0.0408,0.479592,0.98649
0.8776,0.0612,0.484694,0.987197
0.8776,0.0816,0.489796,0.987881
0.8776,0.102,0.494898,0.988544
0.8776,0.1224,0.5,0.989183
0.8776,0.1429,0.505102,0.989801
0.8776,0.1633,0.510204,0.990398
0.8776,0.1837,0.515306,0.990972
0.8776,0.2041,0.520408,0.991526
0.8776,0.2245,0.52551,0.992059
0.8776,0.2449,0.530612,0.992571
0.8776,0.2653,0.535714,0.993063
0.8776,0.2857,0.540816,0.993535
0.8776,0.3061,0.545918,0.993987
0.8776,0.3265,0.55102,0.994419
0.8776,0.3469,0.556122,0.994832
0.8776,0.3673,0.561224,0.995227
0.8776,0.3878,0.566327,0.995602
0.8776,0.4082,0.571429,0.99596
0.8776,0.4286,0.576531,0.996299
0.8776,0.449,0.581633,0.996621
0.8776,0.4694,0.586735,0.996925
0.8776,0.4898,0.591837,0.997212
0.8776,0.5102,0.596939,0.997483
0.8776,0.5306,0.602041,0.997737
0.8776,0.551,0.607143,0.997975
0.8776,0.5714,0.612245,0.998197
0.8776,0.5918,0.617347,0.998404
0.8776,0.6122,0.622449,0.998596
0.8776,0.6327,0.627551,0.998774
0.8776,0.6531,0.632653,0.998937
0.8776,0.6735,0.637755,0.999086
0.8776,0.6939,0.642857,0.999223
0.8776,0.7143,0.647959,0.999346
0.8776,0.7347,0.653061,0.999456
0.8776,0.7551,0.658163,0.999555
0.8776,0.7755,0.663265,0.999642
0.8776,0.7959,0.668367,0.999718
0.8776,0.8163,0.673469,0.999783
0.8776,0.8367,0.678571,0.999839
0.8776,0.8571,0.683673,0.999884
0.8776,0.8776,0.688776,0.999921
0.8776,0.898,0.693878,0.99995
0.8776,0.9184,0.69898,0.999971
0.8776,0.9388,0.704082,0.999986
0.8776,0.9592,0.709184,0.999995
0.8776,0.9796,0.714286,0.999999
0.8776,1.0,0.719388,1.0
0.898,0.0,0.47449,0.989588
0.898,0.0204,0.479592,0.990111
0.898,0.0408,0.484694,0.990618
0.898,0.0612,0.489796,0.991109
0.898,0.0816,0.494898,0.991584
0.898,0.102,0.5,0.992044
0.898,0.1224,0.505102,0.992488
0.898,0.1429,0.510204,0.992918
0.898,0.1633,0.515306,0.993332
0.898,0.1837,0.520408,0.993731
0.898,0.2041,0.52551,0.994115
0.898,0.2245,0.530612,0.994485
0.898,0.2449,0.535714,0.994841
0.898,0.2653,0.540816,0.995183
0.898,0.2857,0.545918,0.99551
0.898,0.3061,0.55102,0.995824
0.898,0.3265,0.556122,0.996124
0.898,0.3469,0.561224,0.996411
0.898,0.3673,0.566327,0.996685
0.898,0.3878,0.571429,0.996946
0.898,0.4082,0.576531,0.997194
0.898,0.4286,0.581633,0.99743
0.898,0.449,0.586735,0.997653
0.898,0.4694,0.591837,0.997865
0.898,0.4898,0.596939,0.998064
0.898,0.5102,0.602041,0.998252
0.898,0.5306,0.607143,0.998428
0.898,0.551,0.612245,0.998594
0.898,0.5714,0.617347,0.998748
0.898,0.5918,0.622449,0.998892
0.898,0.6122,0.627551,0.999025
0.898,0.6327,0.632653,0.999148
0.898,0.6531,0.637755,0.999262
0.898,0.6735,0.642857,0.999366
0.898,0.6939,0.647959,0.99946
0.898,0.7143,0.653061,0.999546
0.898,0.7347,0.658163,0.999623
0.898,0.7551,0.663265,0.999691
0.898,0.7755,0.668367,0.999751
0.898,0.7959,0.673469,0.999804
0.898,0.8163,0.678571,0.999849
0.898,0.8367,0.683673,0.999888
0.898,0.8571,0.688776,0.99992
0.898,0.8776,0.693878,0.999945
0.898,0.898,0.69898,0.999965
0.898,0.9184,0.704082,0.99998
0.898,0.9388,0.709184,0.99999
0.898,0.9592,0.714286,0.999996
0.898,0.9796,0.719388,0.999999
0.898,1.0,0.72449,1.0
0.9184,0.0,0.479592,0.993336
0.9184,0.0204,0.484694,0.993671
0.9184,0.0408,0.489796,0.993995
0.9184,0.0612,0.494898,0.99431
0.9184,0.0816,0.5,0.994614
0.9184,0.102,0.505102,0.994908
0.9184,0.1224,0.510204,0.995193
0.9184,0.1429,0.515306,0.995467
0.9184,0.1633,0.520408,0.995732
0.9184,0.1837,0.52551,0.995988
0.9184,0.2041,0.530612,0.996234
0.9184,0.2245,0.535714,0.996471
0.9184,0.2449,0.540816,0.996698
0.9184,0.2653,0.545918,0.996917
0.9184,0.2857,0.55102,0.997127
0.9184,0.3061,0.556122,0.997327
0.9184,0.3265,0.561224,0.99752
0.9184,0.3469,0.566327,0.997703
0.9184,0.3673,0.571429,0.997879
0.9184,0.3878,0.576531,0.998045
0.9184,0.4082,0.581633,0.998204
0.9184,0.4286,0.586735,0.998355
0.9184,0.449,0.591837,0.998498
0.9184,0.4694,0.596939,0.998633
0.9184,0.4898,0.602041,0.998761
0.9184,0.5102,0.607143,0.998881
0.9184,0.5306,0.612245,0.998994
0.9184,0.551,0.617347,0.9991
0.9184,0.5714,0.622449,0.999199
0.9184,0.5918,0.627551,0.999291
0.9184,0.6122,0.632653,0.999376
0.9184,0.6327,0.637755,0.999455
0.9184,0.6531,0.642857,0.999528
0.9184,0.6735,0.647959,0.999594
0.9184,0.6939,0.653061,0.999654
0.9184,0.7143,0.658163,0.999709
0.9184,0.7347,0.663265,0.999758
0.9184,0.7551,0.668367,0.999802
0.9184,0.7755,0.673469,0.999841
0.9184,0.7959,0.678571,0.999875
0.9184,0.8163,0.683673,0.999904
0.9184,0.8367,0.688776,0.999928
0.9184,0.8571,0.693878,0.999949
0.9184,0.8776,0.69898,0.999965
0.9184,0.898,0.704082,0.999978
0.9184,0.9184,0.709184,0.999987
0.9184,0.9388,0.714286,0.999994
0.9184,0.9592,0.719388,0.999998
0.9184,0.9796,0.72449,1.0
0.9184,1.0,0.729592,1.0
0.9388,0.0,0.484694,0.996252
0.9388,0.0204,0.489796,0.99644
0.9388,0.0408,0.494898,0.996622
0.9388,0.0612,0.5,0.996799
0.9388,0.0816,0.505102,0.99697
0.9388,0.102,0.510204,0.997136
0.9388,0.1224,0.515306,0.997296
0.9388,0.1429,0.520408,0.99745
0.9388,0.1633,0.52551,0.997599
0.9388,0.1837,0.530612,0.997743
0.9388,0.2041,0.535714,0.997882
0.9388,0.2245,0.540816,0.998015
0.9388,0.2449,0.545918,0.998143
0.9388,0.2653,0.55102,0.998266
0.9388,0.2857,0.556122,0.998384
0.9388,0.3061,0.561224,0.998497
0.9388,0.3265,0.566327,0.998605
0.9388,0.3469,0.571429,0.998708
0.9388,0.3673,0.576531,0.998807
0.9388,0.3878,0.581633,0.998901
0.9388,0.4082,0.586735,0.99899
0.9388,0.4286,0.591837,0.999075
0.9388,0.449,0.596939,0.999155
0.9388,0.4694,0.602041,0.999231
0.9388,0.4898,0.607143,0.999303
0.9388,0.5102,0.612245,0.999371
0.9388,0.5306,0.617347,0.999434
0.9388,0.551,0.622449,0.999494
0.9388,0.5714,0.627551,0.999549
0.9388,0.5918,0.632653,0.999601
0.9388,0.6122,0.637755,0.999649
0.9388,0.6327,0.642857,0.999693
0.9388,0.6531,0.647959,0.999734
0.9388,0.6735,0.653061,0.999772
0.9388,0.6939,0.658163,0.999806
0.9388,0.7143,0.663265,0.999836
0.9388,0.7347,0.668367,0.999864
0.9388,0.7551,0.673469,0.999889
0.9388,0.7755,0.678571,0.99991
0.9388,0.7959,0.683673,0.999929
0.9388,0.8163,0.688776,0.999946
0.9388,0.8367,0.693878,0.99996
0.9388,0.8571,0.69898,0.999971
0.9388,0.8776,0.704082,0.99998
0.9388,0.898,0.709184,0.999988
0.9388,0.9184,0.714286,0.999993
0.9388,0.9388,0.719388,0.999997
0.9388,0.9592,0.72449,0.999999
0.9388,0.9796,0.729592,1.0
0.9388,1.0,0.734694,1.0
0.9592,0.0,0.489796,0.998334
0.9592,0.0204,0.494898,0.998418
0.9592,0.0408,0.5,0.998499
0.9592,0.0612,0.505102,0.998577
0.9592,0.0816,0.510204,0.998653
0.9592,0.102,0.515306,0.998727
0.9592,0.1224,0.520408,0.998798
0.9592,0.1429,0.52551,0.998867
0.9592,0.1633,0.530612,0.998933
0.9592,0.1837,0.535714,0.998997
0.9592,0.2041,0.540816,0.999058
0.9592,0.2245,0.545918,0.999118
0.9592,0.2449,0.55102,0.999175
0.9592,0.2653,0.556122,0.999229
0.9592,0.2857,0.561224,0.999282
0.9592,0.3061,0.566327,0.999332
0.9592,0.3265,0.571429,0.99938
0.9592,0.3469,0.576531,0.999426
0.9592,0.3673,0.581633,0.99947
0.9592,0.3878,0.586735,0.999511
0.9592,0.4082,0.591837,0.999551
0.9592,0.4286,0.596939,0.999589
0.9592,0.449,0.602041,0.999625
0.9592,0.4694,0.607143,0.999658
0.9592,0.4898,0.612245,0.99969
0.9592,0.5102,0.617347,0.99972
0.9592,0.5306,0.622449,0.999749
0.9592,0.551,0.627551,0.999775
0.9592,0.5714,0.632653,0.9998
0.9592,0.5918,0.637755,0.999823
0.9592,0.6122,0.642857,0.999844
0.9592,0.6327,0.647959,0.999864
0.9592,0.6531,0.653061,0.999882
0.9592,0.6735,0.658163,0.999898
0.9592,0.6939,0.663265,0.999914
0.9592,0.7143,0.668367,0.999927
0.9592,0.7347,0.673469,0.99994
0.9592,0.7551,0.678571,0.999951
0.9592,0.7755,0.683673,0.99996
0.9592,0.7959,0.688776,0.999969
0.9592,0.8163,0.693878,0.999976
0.9592,0.8367,0.69898,0.999982
0.9592,0.8571,0.704082,0.999987
0.9592,0.8776,0.709184,0.999991
0.9592,0.898,0.714286,0.999994
0.9592,0.9184,0.719388,0.999997
0.9592,0.9388,0.72449,0.999998
0.9592,0.9592,0.729592,0.999999
0.9592,0.9796,0.734694,1.0
0.9592,1.0,0.739796,1.0
0.9796,0.0,0.494898,0.999584
0.9796,0.0204,0.5,0.999604
0.9796,0.0408,0.505102,0.999625
0.9796,0.0612,0.510204,0.999644
0.9796,0.0816,0.515306,0.999663
0.9796,0.102,0.520408,0.999682
0.9796,0.1224,0.52551,0.9997
0.9796,0.1429,0.530612,0.999717
0.9796,0.1633,0.535714,0.999733
0.9796,0.1837,0.540816,0.999749
0.9796,0.2041,0.545918,0.999765
0.9796,0.2245,0.55102,0.999779
0.9796,0.2449,0.556122,0.999794
0.9796,0.2653,0.561224,0.999807
0.9796,0.2857,0.566327,0.99982
0.9796,0.3061,0.571429,0.999833
0.9796,0.3265,0.576531,0.999845
0.9796,0.3469,0.581633,0.999856
0.9796,0.3673,0.586735,0.999867
0.9796,0.3878,0.591837,0.999878
0.9796,0.4082,0.596939,0.999888
0.9796,0.4286,0.602041,0.999897
0.9796,0.449,0.607143,0.999906
0.9796,0.4694,0.612245,0.999915
0.9796,0.4898,0.617347,0.999923
0.9796,0.5102,0.622449,0.99993
0.9796,0.5306,0.627551,0.999937
0.9796,0.551,0.632653,0.999944
0.9796,0.5714,0.637755,0.99995
0.9796,0.5918,0.642857,0.999956
0.9796,0.6122,0.647959,0.999961
0.9796,0.6327,0.653061,0.999966
0.9796,0.6531,0.658163,0.99997
0.9796,0.6735,0.663265,0.999975
0.9796,0.6939,0.668367,0.999978
0.9796,0.7143,0.673469,0.999982
0.9796,0.7347,0.678571,0.999985
0.9796,0.7551,0.683673,0.999988
0.9796,0.7755,0.688776,0.99999
0.9796,0.7959,0.693878,0.999992
0.9796,0.8163,0.69898,0.999994
0.9796,0.8367,0.704082,0.999996
0.9796,0.8571,0.709184,0.999997
0.9796,0.8776,0.714286,0.999998
0.9796,0.898,0.719388,0.999999
0.9796,0.9184,0.72449,0.999999
0.9796,0.9388,0.729592,1.0
0.9796,0.9592,0.734694,1.0
0.9796,0.9796,0.739796,1.0
0.9796,1.0,0.744898,1.0
1.0,0.0,0.5,1.0
1.0,0.0204,0.505102,1.0
1.0,0.0408,0.510204,1.0
1.0,0.0612,0.515306,1.0
1.0,0.0816,0.520408,1.0
1.0,0.102,0.52551,1.0
1.0,0.1224,0.530612,1.0
1.0,0.1429,0.535714,1.0
1.0,0.1633,0.540816,1.0
1.0,0.1837,0.545918,1.0
1.0,0.2041,0.55102,1.0
1.0,0.2245,0.556122,1.0
1.0,0.2449,0.561224,1.0
1.0,0.2653,0.566327,1.0
1.0,0.2857,0.571429,1.0
1.0,0.3061,0.576531,1.0
1.0,0.3265,0.581633,1.0
1.0,0.3469,0.586735,1.0
1.0,0.3673,0.591837,1.0
1.0,0.3878,0.596939,1.0
1.0,0.4082,0.602041,1.0
1.0,0.4286,0.607143,1.0
1.0,0.449,0.612245,1.0
1.0,0.4694,0.617347,1.0
1.0,0.4898,0.622449,1.0
1.0,0.5102,0.627551,1.0
1.0,0.5306,0.632653,1.0
1.0,0.551,0.637755,1.0
1.0,0.5714,0.642857,1.0
1.0,0.5918,0.647959,1.0
1.0,0.6122,0.653061,1.0
1.0,0.6327,0.658163,1.0
1.0,0.6531,0.663265,1.0
1.0,0.6735,0.668367,1.0
1.0,0.6939,0.673469,1.0
1.0,0.7143,0.678571,1.0
1.0,0.7347,0.683673,1.0
1.0,0.7551,0.688776,1.0
1.0,0.7755,0.693878,1.0
1.0,0.7959,0.69898,1.0
1.0,0.8163,0.704082,1.0
1.0,0.8367,0.709184,1.0
1.0,0.8571,0.714286,1.0
1.0,0.8776,0.719388,1.0
1.0,0.898,0.72449,1.0
1.0,0.9184,0.729592,1.0
1.0,0.9388,0.734694,1.0
1.0,0.9592,0.739796,1.0
1.0,0.9796,0.744898,1.0
1.0,1.0,0.75,1.0
