bin_index,residual_low,residual_high,count
1,-4.7272,-4.4766,5
2,-4.4766,-4.226,13
3,-4.226,-3.9754,19
4,-3.9754,-3.7248,53
5,-3.7248,-3.4743,126
6,-3.4743,-3.2237,165
7,-3.2237,-2.9731,296
8,-2.9731,-2.7225,559
9,-2.7225,-2.4719,690
10,-2.4719,-2.2213,898
11,-2.2213,-1.9707,1207
12,-1.9707,-1.7201,1766
13,-1.7201,-1.4696,2101
14,-1.4696,-1.219,2869
15,-1.219,-0.9684,3498
16,-0.9684,-0.7178,5065
17,-0.7178,-0.4672,6412
18,-0.4672,-0.2166,7326
19,-0.2166,0.034,9295
20,0.034,0.2846,7174
21,0.2846,0.5351,7346
22,0.5351,0.7857,4932
23,0.7857,1.0363,3151
24,1.0363,1.2869,2712
25,1.2869,1.5375,2718
26,1.5375,1.7881,3165
27,1.7881,2.0387,1749
28,2.0387,2.2893,1403
29,2.2893,2.5398,1295
30,2.5398,2.7904,916
31,2.7904,3.041,716
32,3.041,3.2916,542
33,3.2916,3.5422,402
34,3.5422,3.7928,334
35,3.7928,4.0434,240
36,4.0434,4.2939,173
37,4.2939,4.5445,109
38,4.5445,4.7951,57
39,4.7951,5.0457,30
40,5.0457,5.2963,21
41,5.2963,5.5469,27
42,5.5469,5.7975,7
43,5.7975,6.0481,12
44,6.0481,6.2986,4
45,6.2986,6.5492,4
46,6.5492,6.7998,1
47,6.7998,7.0504,0
48,7.0504,7.301,0
49,7.301,7.5516,0
50,7.5516,7.8022,1
