cve_id,y_test_actual,ridge_pred,xgboost_pred,residual
CVE-2002-20002,5.4,6.880457462802321,6.812491,1.4124908
CVE-2003-20001,5.6,6.083614406766492,6.1172447,0.5172448
CVE-2005-10004,8.8,8.996364320566872,8.464413,-0.3355875
CVE-2006-10002,7.5,8.901764122763469,8.196736,0.69673634
CVE-2006-10003,9.8,7.735567459281403,7.9131403,-1.8868599
CVE-2009-10007,9.1,7.444605590923991,7.3030324,-1.796968
CVE-2010-20103,9.8,9.109541046526939,9.241705,-0.55829525
CVE-2010-20121,9.8,8.770260202319424,9.012482,-0.7875185
CVE-2010-20113,9.8,8.461165233958225,7.8219314,-1.9780688
CVE-2011-10007,8.8,7.522331298126147,8.018843,-0.7811575
CVE-2011-10018,9.8,9.01253240539886,9.093382,-0.7066183
CVE-2011-10019,9.8,9.155762333396995,8.802221,-0.9977789
CVE-2011-10026,9.8,9.026383443835634,9.275259,-0.5247412
CVE-2011-20001,7.5,6.969370731138164,7.1366625,-0.36333752
CVE-2011-20002,7.4,7.301483486842101,7.827491,0.4274907
CVE-2011-10035,7.0,7.860175569052672,7.8043513,0.80435133
CVE-2011-10036,5.4,6.287980212421699,5.809054,0.4090538
CVE-2011-10037,5.4,6.358376961680303,5.809054,0.4090538
CVE-2011-10038,5.4,6.302817361832956,5.815352,0.41535187
CVE-2011-10039,5.4,6.291304537705716,5.809054,0.4090538
CVE-2011-10040,5.4,6.273263135024498,5.815352,0.41535187
CVE-2011-10043,9.8,7.5714817711011015,8.145527,-1.6544733
CVE-2012-10019,9.8,8.864184227509151,9.783887,-0.016113281
CVE-2012-10020,9.8,8.684810078546786,9.787557,-0.0124435425
CVE-2012-10021,9.8,9.385225468174161,9.622456,-0.1775446
CVE-2012-10023,9.8,8.88122280993841,9.047535,-0.75246525
CVE-2012-10030,9.8,10.278368020725509,9.889022,0.08902168
CVE-2012-10034,7.5,7.301745355558478,7.4536986,-0.046301365
CVE-2012-10054,9.8,10.456560084338093,9.823507,0.023507118
CVE-2012-10060,9.8,9.463236469900952,8.923839,-0.8761616
CVE-2012-10063,9.8,7.478207766544946,7.942275,-1.8577251
CVE-2013-1424,5.6,7.924571543140265,8.101103,2.501103
CVE-2013-3307,8.3,8.501400183086139,8.225536,-0.074463844
CVE-2013-10032,8.8,8.66097684479319,8.405456,-0.3945446
CVE-2013-10040,9.8,10.445525247422397,9.946248,0.14624786
CVE-2013-10042,9.8,8.85301215122186,8.387482,-1.4125185
CVE-2013-10044,8.8,9.448883050227805,8.069851,-0.73014927
CVE-2013-10048,9.8,9.853522741855272,9.739035,-0.060965538
CVE-2013-10050,8.8,8.776761517215391,8.155072,-0.644928
CVE-2013-10051,9.8,8.650833970480196,8.498055,-1.3019447
CVE-2013-10059,7.2,9.08384374161415,8.885136,1.6851358
CVE-2013-10060,7.2,8.725050866835543,8.703196,1.5031958
CVE-2013-10061,7.2,8.167485117460188,7.8822837,0.6822839
CVE-2013-10065,7.5,7.106162451067912,6.925961,-0.574039
CVE-2013-10069,9.8,9.390975268894755,8.979307,-0.820693
CVE-2013-10071,6.1,6.248869953342756,5.9695845,-0.13041544
CVE-2013-10072,6.5,6.006944594426725,6.4332933,-0.06670666
CVE-2013-10073,8.8,8.883304233734592,7.859357,-0.9406433
CVE-2013-10074,5.4,6.277221554681009,5.809054,0.4090538
CVE-2013-10031,7.5,7.442521127899877,7.2387996,-0.26120043
CVE-2013-20005,5.3,5.36753555902993,7.3075256,2.0075254
CVE-2013-20006,7.5,5.677909974627342,5.736048,-1.7639518
CVE-2013-10075,9.1,7.807525853619522,7.2979894,-1.802011
CVE-2014-0468,9.8,8.996302353287973,8.750957,-1.0490437
CVE-2014-6274,7.5,7.674954984619209,7.50874,0.008739948
CVE-2014-7210,9.8,5.9999064938321744,6.787627,-3.012373
CVE-2014-125117,9.8,9.264899317876518,9.548037,-0.25196362
CVE-2014-125127,7.5,7.5473199560443724,7.0711136,-0.4288864
CVE-2014-125128,6.1,5.610720978632601,5.76803,-0.33196974
CVE-2014-125112,9.8,8.753672428727747,8.957939,-0.84206104
CVE-2015-2079,8.8,8.772375096378983,9.029223,0.22922325
CVE-2015-4582,6.1,6.666526408017013,5.9899235,-0.11007643
CVE-2015-0842,9.8,9.57985469326232,9.422262,-0.377738
CVE-2015-0843,9.8,8.37129653862854,7.477883,-2.3221173
CVE-2015-0849,3.9,6.6232931847055685,7.1127596,3.2127595
CVE-2015-20112,3.4,6.832670548538799,6.841514,3.441514
CVE-2015-10133,7.2,8.253347637454526,8.214044,1.0140438
CVE-2015-10134,7.5,6.650367969066972,7.262077,-0.23792315
CVE-2015-10135,9.8,8.749507957187632,9.829726,0.029726028
CVE-2015-10136,7.5,7.52452086226386,6.8870544,-0.61294556
CVE-2015-10138,9.8,8.691960209206172,9.688229,-0.11177158
CVE-2015-10139,8.8,6.118959707122224,7.9112377,-0.8887625
CVE-2015-10137,9.8,8.63592282362948,9.622953,-0.17704678
CVE-2015-10140,8.8,6.657376513897802,6.83853,-1.9614701
CVE-2015-10143,9.8,7.112457555777807,8.775519,-1.0244808
CVE-2015-10144,8.8,8.029695655818502,8.582366,-0.2176342
CVE-2015-10146,4.9,7.513724616226372,6.5304847,1.6304846
CVE-2015-10147,4.9,7.448630313866309,6.5775614,1.6775613
CVE-2015-10145,8.8,8.370814445088763,7.982074,-0.8179264
CVE-2015-20113,4.3,7.376172976128331,7.052468,2.7524676
CVE-2015-20114,6.1,6.821639927794725,5.979171,-0.120829105
CVE-2015-20115,6.1,5.769873094740166,6.3650775,0.2650776
CVE-2015-20116,6.1,6.045982642630482,5.973034,-0.126966
CVE-2015-20117,8.8,7.118068530351945,7.534632,-1.265368
CVE-2015-20118,6.1,5.73960869274171,5.160987,-0.939013
CVE-2015-20119,5.4,4.546802683775545,5.768659,0.36865902
CVE-2015-20120,9.8,7.719652124704854,8.184337,-1.6156635
CVE-2015-20121,9.8,7.880122461784192,8.822398,-0.977602
CVE-2015-10148,8.2,7.651719804964719,6.837454,-1.362546
CVE-2016-15043,9.8,8.651463517244016,9.766897,-0.03310299
CVE-2016-15048,9.8,9.21088768155253,9.447663,-0.35233688
CVE-2016-15049,5.4,5.921824911839373,5.613683,0.21368313
CVE-2016-15050,8.8,8.103277206260803,7.8187265,-0.98127365
CVE-2016-15051,5.4,6.236969873047049,5.8226557,0.42265558
CVE-2016-15052,5.4,6.307147893608512,5.8118544,0.41185427
CVE-2016-15053,5.4,6.307147893608512,5.8118544,0.41185427
CVE-2016-20023,6.5,6.351230014169071,6.6370754,0.13707542
CVE-2016-15057,9.9,8.131824727844617,8.263154,-1.6368456
CVE-2016-20024,9.8,7.686435288104986,7.684188,-2.1158123
CVE-2016-20025,8.8,6.702441332259728,7.3589926,-1.4410076
CVE-2016-20026,9.8,8.577678991166747,9.419111,-0.38088894
CVE-2016-20027,6.1,6.372422394427253,6.4084473,0.30844736
CVE-2016-20028,4.3,5.953731826849091,6.440257,2.140257
CVE-2016-20029,6.2,6.415951775385685,7.0980616,0.89806175
CVE-2016-20030,9.8,6.828496888293577,6.7232313,-3.0767689
CVE-2016-20031,5.5,6.810853051135532,5.791047,0.2910471
CVE-2016-20032,7.2,5.555489165174081,6.831495,-0.368505
CVE-2016-20033,7.8,8.361103190196166,8.057743,0.25774288
CVE-2016-20034,8.0,6.899671527515361,8.023857,0.023857117
CVE-2016-20035,4.3,6.5729305765287265,7.100734,2.800734
CVE-2016-20036,6.1,6.231877922346017,5.8880234,-0.21197653
CVE-2016-20037,8.4,8.425477303872011,7.8529363,-0.54706335
CVE-2016-20038,8.4,8.45586880718658,7.982442,-0.41755772
CVE-2016-20039,8.4,8.555456452850892,8.012396,-0.38760376
CVE-2016-20040,8.4,8.025563077282273,7.82999,-0.5700097
CVE-2016-20041,8.4,8.097138953535833,7.945539,-0.45446062
CVE-2016-20042,8.4,8.228236086279246,7.846034,-0.55396557
CVE-2016-20043,7.8,8.955269482959434,8.126308,0.32630825
CVE-2016-20044,7.8,8.207467717100041,7.8972373,0.09723711
CVE-2016-20045,7.8,8.625334818170522,8.126722,0.32672215
CVE-2016-20046,8.4,8.130841704877284,7.6092935,-0.79070616
CVE-2016-20047,8.4,8.359645772924907,7.775721,-0.62427855
CVE-2016-20048,8.4,8.989155005695583,7.877624,-0.5223756
CVE-2016-20049,9.8,9.05520123299787,8.712749,-1.0872517
CVE-2016-15058,8.1,7.052429199913813,6.5188785,-1.5811219
CVE-2016-20050,5.5,6.593812730665941,6.140366,0.6403661
CVE-2016-20051,4.3,6.833941127288636,7.7901845,3.4901843
CVE-2016-20052,9.8,9.808649109656072,9.899877,0.099876404
CVE-2016-20053,6.5,6.392342762381737,7.4705005,0.97050047
CVE-2016-20055,7.8,8.190462328352616,7.862703,0.062702656
CVE-2016-20056,7.8,8.09702507012185,7.739937,-0.060063362
CVE-2016-20057,7.8,8.174656596544729,7.9694495,0.16944933
CVE-2016-20058,7.8,8.436377830111148,7.9547195,0.15471935
CVE-2016-20059,7.8,8.23986341129624,7.876035,0.07603502
CVE-2016-20060,7.8,7.000762883507128,7.343361,-0.4566393
CVE-2016-20061,7.8,7.98764778583954,7.754197,-0.04580307
CVE-2016-20054,4.3,4.7561963618306,5.3536797,1.0536795
CVE-2016-20062,8.2,8.078618565893446,8.533935,0.33393478
CVE-2016-20063,7.1,7.41038396133941,7.6090946,0.5090947
CVE-2016-20064,6.2,6.910940456290171,6.850793,0.6507931
CVE-2016-20065,8.2,8.373936566050784,8.697342,0.4973421
CVE-2016-20066,7.2,6.116894476879003,6.730906,-0.4690938
CVE-2016-20067,4.3,6.52691229700374,6.874141,2.574141
CVE-2016-20068,8.2,8.477306965461088,8.709035,0.5090351
CVE-2016-20069,8.2,8.859054189467809,8.691674,0.49167442
CVE-2016-20070,6.4,5.92894319357929,5.9810247,-0.41897535
CVE-2016-20071,8.2,8.95394231054733,8.797802,0.59780216
CVE-2016-20072,8.2,8.616238378751595,8.74818,0.5481806
CVE-2016-20073,8.2,8.483164920175822,8.729317,0.5293169
CVE-2016-20074,4.3,6.24744603831165,6.6160226,2.3160224
CVE-2016-20075,8.8,7.607938885843312,8.016232,-0.78376865
CVE-2016-20076,7.5,7.822846937637611,7.586691,0.0866909
CVE-2016-20077,6.2,6.7163576490863495,7.275172,1.0751724
CVE-2016-20078,6.2,6.89607509078173,7.462753,1.262753
CVE-2016-20079,6.2,7.117893093609257,8.323417,2.123417
CVE-2016-20080,6.2,8.116818970541152,9.437655,3.2376556
CVE-2016-20081,7.5,7.441241653057181,7.2530055,-0.2469945
CVE-2016-20082,6.2,7.396134739322218,8.483418,2.2834187
CVE-2016-20083,5.3,6.839866286469933,7.088392,1.7883916
CVE-2016-20084,7.2,6.647744471818598,7.7162786,0.51627874
CVE-2016-20085,7.8,7.336295738448822,7.6775265,-0.12247372
CVE-2016-20086,7.8,8.133500330051787,7.754197,-0.04580307
CVE-2016-20087,7.8,8.143800572968182,7.6740084,-0.12599182
CVE-2016-20088,7.8,7.857052340150372,7.4013376,-0.39866257
CVE-2016-20089,7.8,8.134071174495064,8.660827,0.8608265
CVE-2016-20090,7.8,8.434489282903227,7.618368,-0.18163204
CVE-2016-20091,7.8,7.511885561790719,7.320803,-0.47919703
CVE-2016-20092,7.8,8.664583849568839,7.9212685,0.12126827
CVE-2016-20093,7.8,8.0635521139619,7.644085,-0.15591526
CVE-2016-20094,7.8,8.350254656571945,7.794705,-0.0052952766
CVE-2016-20095,7.8,8.106024232901387,8.700348,0.9003477
CVE-2017-13322,5.5,5.948944490500368,6.2609224,0.76092243
CVE-2017-20196,6.3,8.777738071289136,7.1215644,0.8215642
CVE-2017-13317,5.7,6.7325017034165064,6.7268248,1.026825
CVE-2017-13318,5.7,6.9721768484079885,6.9730215,1.2730217
CVE-2017-20197,7.3,9.017502758685296,7.3970795,0.09707928
CVE-2017-20199,6.5,6.642284760362269,7.0381823,0.53818226
CVE-2017-20200,3.7,6.139307744506912,5.7282853,2.0282853
CVE-2017-20206,9.8,8.152570608123225,8.5686035,-1.2313967
CVE-2017-20207,9.8,8.22322181989502,8.633167,-1.1668329
CVE-2017-20208,9.8,8.084083659256576,8.523498,-1.2765026
CVE-2017-20209,6.1,6.056116032023828,5.6983833,-0.40161657
CVE-2017-20210,9.8,6.528899250635496,6.520977,-3.2790232
CVE-2017-20212,6.2,7.046804089358686,6.4834795,0.2834797
CVE-2017-20213,7.5,7.637801606442849,7.418898,-0.081101894
CVE-2017-20214,7.5,7.93110264660603,7.917495,0.41749477
CVE-2017-20215,8.8,9.21325928099544,8.697935,-0.10206509
CVE-2017-20216,9.8,9.709032901934306,9.384485,-0.41551495
CVE-2017-20217,7.5,7.104155674069092,7.0808916,-0.4191084
CVE-2017-20218,7.8,7.578881146049245,7.467957,-0.33204317
CVE-2017-20219,6.1,6.505830800287093,6.9205456,0.8205457
CVE-2017-20220,7.5,8.099791257476278,7.7220335,0.2220335
CVE-2017-20221,3.5,7.728176257243517,8.145563,4.645563
CVE-2017-20222,7.5,7.7952924415468345,7.9607105,0.46071053
CVE-2017-20223,9.8,7.013245491315157,6.6655674,-3.1344328
CVE-2017-20224,9.8,9.203080483448156,9.629094,-0.17090607
CVE-2017-20225,9.8,9.017942030969637,8.553208,-1.2467918
CVE-2017-20226,8.4,8.522088221620413,7.872929,-0.5270705
CVE-2017-20227,9.8,9.177788150416205,8.792931,-1.0070696
CVE-2017-20228,7.8,8.8056627025263,8.103796,0.3037958
CVE-2017-20229,9.8,9.028722790159083,8.355328,-1.4446726
CVE-2017-20237,9.8,10.635306803372812,10.176194,0.376194
CVE-2017-20233,5.4,6.883883289127991,7.0687933,1.6687932
CVE-2017-20234,9.8,8.394189134634388,8.333566,-1.4664345
CVE-2017-20235,9.8,8.364302953129513,8.752781,-1.0472193
CVE-2017-20236,9.8,9.049745384627412,9.419658,-0.38034248
CVE-2017-20238,7.1,7.192784679783751,7.1389747,0.038974762
CVE-2017-20239,6.1,6.878166400458339,5.9913316,-0.10866833
CVE-2017-20230,10.0,7.510456383612147,7.2328076,-2.7671924
CVE-2017-20243,8.2,7.718496635914984,7.9982224,-0.20177746
CVE-2017-20244,8.2,7.680534964032751,8.214854,0.014854431
CVE-2017-20245,8.2,7.647308201240809,8.389694,0.1896944
CVE-2017-20246,8.2,7.838727009798826,8.247761,0.047760963
CVE-2017-20247,8.2,8.702970399462195,8.684001,0.48400116
CVE-2017-20248,7.5,7.576854072048014,7.4574237,-0.042576313
CVE-2017-20249,8.2,9.137918450827057,8.918201,0.71820164
CVE-2017-20250,7.5,7.6904317760452665,7.3686705,-0.13132954
CVE-2017-20251,9.8,8.853133547135522,8.986916,-0.8130846
CVE-2017-20240,5.9,7.098701823795137,6.8888893,0.9888892
CVE-2017-20252,8.2,8.868438179338963,9.109294,0.9092941
CVE-2017-20253,8.2,8.953371650887725,8.839447,0.6394472
CVE-2017-20254,8.2,8.814187120789908,8.791631,0.59163094
CVE-2017-20255,8.2,9.039156958176191,8.786014,0.5860138
CVE-2017-20256,8.2,8.810814129037682,8.9327545,0.7327547
CVE-2017-20257,8.2,9.047380727858002,9.022516,0.82251644
CVE-2017-20258,8.2,8.357415960569385,8.961256,0.7612562
CVE-2017-20259,8.2,8.598146645941283,8.64622,0.4462204
CVE-2017-20260,8.2,8.618600245704359,8.847232,0.64723206
CVE-2017-20261,8.2,8.697212149799565,9.147812,0.9478121
CVE-2017-20262,8.2,8.613783122532297,8.886145,0.6861448
CVE-2017-20263,8.2,8.607664809095269,8.904864,0.7048645
CVE-2017-20264,7.1,9.1457878229785,8.7372,1.6371999
CVE-2017-20265,7.1,8.961036827902038,9.0286455,1.9286456
CVE-2017-20266,8.2,8.366332899383636,9.023766,0.82376575
CVE-2017-20267,8.2,8.234463070158245,8.115694,-0.08430576
CVE-2017-20268,8.2,8.684342790291625,8.670337,0.4703369
CVE-2017-20269,8.2,8.69585551503388,8.983605,0.7836056
CVE-2017-20270,8.2,8.673722998225106,8.814732,0.6147318
CVE-2017-20271,8.2,8.715858120482366,8.537818,0.33781815
CVE-2017-20272,8.2,8.634166761457777,9.052909,0.8529091
CVE-2017-20273,8.2,8.53718014386121,8.7750025,0.5750027
CVE-2017-20274,8.2,7.936831905147581,8.092847,-0.10715294
CVE-2017-20275,8.2,8.715689707723433,8.633995,0.43399525
CVE-2017-20276,8.2,8.205402512466586,8.251965,0.05196476
CVE-2017-20277,8.2,7.694107875444587,7.8835807,-0.31641912
CVE-2017-20278,8.2,8.059074503029398,8.063194,-0.13680553
CVE-2017-20279,8.2,7.896606326013299,8.167989,-0.032011032
CVE-2017-20280,8.2,7.865287940901242,8.095493,-0.10450649
CVE-2017-20281,8.2,8.20685570025945,8.201091,0.0010910034
CVE-2017-20282,8.2,8.335322689968207,8.178505,-0.021494865
CVE-2018-4301,9.8,7.761234442759952,7.485715,-2.3142853
CVE-2018-25108,7.5,7.864651732368397,7.146328,-0.35367203
CVE-2018-9375,7.8,7.181187235393522,7.3753114,-0.42468882
CVE-2018-9379,5.5,5.152403335995782,5.010316,-0.4896841
CVE-2018-9382,7.8,6.596473634130891,7.3579364,-0.4420638
CVE-2018-9383,4.4,5.0766764650288305,4.9768944,0.5768943
CVE-2018-9384,4.4,5.217321728920904,5.145164,0.7451639
CVE-2018-9434,7.8,7.2535235964097,7.566116,-0.23388433
CVE-2018-9447,5.5,5.701960965617144,5.605055,0.105054855
CVE-2018-9387,7.8,7.918671374862435,7.665582,-0.13441801
CVE-2018-9389,7.8,8.126018923185203,8.276993,0.4769926
CVE-2018-9401,7.8,6.999728948167216,7.391301,-0.40869904
CVE-2018-9405,6.7,6.9968413070365925,7.079071,0.37907124
CVE-2018-9406,5.5,6.281254802505408,7.184788,1.6847882
CVE-2018-9461,7.0,6.750070864116229,6.7529445,-0.24705553
CVE-2018-9464,7.8,6.664133580192663,7.2583494,-0.5416508
CVE-2018-9373,8.8,8.424637517716468,8.330777,-0.46922302
CVE-2018-9378,6.2,5.413765333728563,5.2808657,-0.91913414
CVE-2018-25109,6.4,7.698633360887113,6.221957,-0.17804289
CVE-2018-25110,7.5,6.45119339130052,6.8481345,-0.6518655
CVE-2018-25111,4.4,6.661784218422558,7.1127596,2.7127595
CVE-2018-25112,7.5,7.307752422313347,7.0792747,-0.42072535
CVE-2018-25115,9.8,9.48509188642677,9.09491,-0.7050905
CVE-2018-25120,9.8,8.881544365180321,9.024931,-0.77506924
CVE-2018-25119,6.1,6.377000338774218,5.8226557,-0.27734423
CVE-2018-25121,5.4,6.17674048073936,5.8085713,0.40857124
CVE-2018-25122,8.8,8.745425662572593,8.666615,-0.13338566
CVE-2018-25123,7.8,9.320426978689976,8.061986,0.26198578
CVE-2018-25127,5.3,6.220506160113487,6.685709,1.3857088
CVE-2018-25128,8.2,9.534248338592317,9.591505,1.3915052
CVE-2018-25129,7.5,7.113572849893779,7.324751,-0.1752491
CVE-2018-25130,6.2,6.476445004638628,6.6221623,0.42216253
CVE-2018-25131,7.2,5.412863991781711,6.149552,-1.050448
CVE-2018-25133,4.3,5.825421762535992,6.540052,2.2400517
CVE-2018-25134,9.8,7.754880080125273,7.8003135,-1.9996867
CVE-2018-25135,9.8,8.501798098482007,8.331551,-1.4684496
CVE-2018-25136,7.5,7.695137808249482,7.570627,0.07062721
CVE-2018-25137,7.5,8.485639248667404,8.706724,1.2067242
CVE-2018-25138,9.8,8.778972906370274,8.448701,-1.3512993
CVE-2018-25139,7.5,7.556946804424849,7.9143944,0.41439438
CVE-2018-25140,7.5,7.2537539441415735,7.864512,0.36451197
CVE-2018-25141,7.5,8.040768650297604,7.917583,0.417583
CVE-2018-25142,9.8,7.417092065036991,8.245744,-1.5542564
CVE-2018-25143,8.8,8.889171550410762,7.890199,-0.909801
CVE-2018-25144,8.4,7.432825707073141,7.8507705,-0.54922915
CVE-2018-25145,6.5,6.080813276710751,6.6776714,0.17767143
CVE-2018-25146,8.1,6.34641372270471,6.6984,-1.4016004
CVE-2018-25147,7.5,8.95235086704017,8.532099,1.0320988
CVE-2018-25148,8.8,8.88745542262374,8.310748,-0.4892521
CVE-2018-25149,6.5,5.877803783782529,6.577093,0.077093124
CVE-2018-25150,5.3,6.584113508224612,7.287583,1.9875827
CVE-2018-25151,4.3,6.160778626088553,6.6241355,2.3241353
CVE-2018-25152,5.3,6.804571665556148,7.367511,2.0675106
CVE-2018-25154,9.8,8.76961612608575,8.244228,-1.5557718
CVE-2018-25155,4.3,6.6202834681178615,7.526302,3.2263017
CVE-2018-25156,4.3,6.648030445928059,7.6408873,3.340887
CVE-2018-25116,6.1,6.3382608417974895,5.833453,-0.26654673
CVE-2018-25132,6.1,5.943381557826193,5.489931,-0.6100688
CVE-2018-25157,6.4,5.0533198943249165,5.885988,-0.51401186
CVE-2018-25158,8.8,8.490260443896291,8.5950365,-0.20496368
CVE-2018-25160,6.5,8.15544718069515,8.752257,2.2522573
CVE-2018-25161,8.2,8.26504969118658,8.7092905,0.5092907
CVE-2018-25162,6.5,8.794595197233635,8.827703,2.3277035
CVE-2018-25163,8.2,8.63046869183444,9.210315,1.010315
CVE-2018-25164,7.5,7.036839983502045,7.2834177,-0.2165823
CVE-2018-25165,7.1,8.180392533195452,7.764021,0.664021
CVE-2018-25166,8.2,8.813115266124083,8.797078,0.5970783
CVE-2018-25167,8.2,9.262884762977304,8.699131,0.4991312
CVE-2018-25168,4.3,6.852765572998302,7.4292946,3.1292944
CVE-2018-25169,7.5,7.222664230260422,7.048888,-0.4511118
CVE-2018-25170,8.2,7.294691477074407,7.8575263,-0.3424735
CVE-2018-25171,8.2,8.596300228170353,8.930612,0.7306118
CVE-2018-25172,8.2,8.79538624913437,9.077906,0.87790585
CVE-2018-25173,8.2,8.178021833055425,8.28702,0.08701992
CVE-2018-25174,5.3,6.783282817519501,7.1613984,1.8613982
CVE-2018-25175,8.2,8.775337095506709,8.934195,0.73419476
CVE-2018-25176,8.2,9.40232997523778,9.23787,1.0378704
CVE-2018-25177,5.3,7.200798832211253,8.131081,2.8310804
CVE-2018-25178,7.5,7.680318557245682,7.675173,0.1751728
CVE-2018-25179,8.2,8.369824077552298,8.761147,0.56114674
CVE-2018-25180,7.1,8.22703687104256,8.130984,1.0309844
CVE-2018-25181,7.5,7.484284325030183,7.3141847,-0.18581533
CVE-2018-25182,8.2,8.663374776889293,8.623848,0.42384815
CVE-2018-25184,6.2,6.867082186484489,7.348349,1.1483493
CVE-2018-25186,4.3,6.648883472805616,7.4496202,3.14962
CVE-2018-25187,9.8,9.076245689517222,9.294795,-0.50520515
CVE-2018-25188,8.2,8.652604330319111,8.911141,0.7111416
CVE-2018-25189,8.2,8.55574854241376,8.933727,0.73372746
CVE-2018-25190,6.5,7.407355671655345,7.7788334,1.2788334
CVE-2018-25191,7.1,7.951446323184698,7.7792745,0.67927456
CVE-2018-25192,8.2,9.302612806084547,9.548179,1.3481789
CVE-2018-25193,7.5,7.2065011733783635,7.078194,-0.42180586
CVE-2018-25194,8.2,8.445000808206998,8.768359,0.5683594
CVE-2018-25196,8.2,8.335008845573121,8.706923,0.5069227
CVE-2018-25197,8.2,8.65695336936405,8.911377,0.71137714
CVE-2018-25198,6.2,6.057359627655604,5.628911,-0.5710888
CVE-2018-25199,9.8,9.493027057814585,9.194866,-0.605134
CVE-2018-25200,8.8,7.759668531989181,8.039636,-0.76036453
CVE-2018-25159,9.8,9.086287568788702,8.914766,-0.8852339
CVE-2018-25183,9.8,8.95774499434811,9.308443,-0.49155712
CVE-2018-25185,9.8,8.063140553972334,8.501904,-1.2980967
CVE-2018-25195,9.8,8.98541199731207,9.305317,-0.49468327
CVE-2018-25201,9.8,8.801018404716059,9.081216,-0.71878433
CVE-2018-25202,8.2,7.819018765725904,8.581005,0.3810053
CVE-2018-25203,8.2,7.733168711132025,8.549143,0.34914303
CVE-2018-25204,9.8,9.30227629288914,9.569207,-0.230793
CVE-2018-25205,8.2,7.782769093117613,7.9112363,-0.28876352
CVE-2018-25206,8.2,7.793849456341259,7.9471617,-0.25283813
CVE-2018-25207,7.1,8.072171243830766,8.489016,1.3890157
CVE-2018-25208,8.2,8.392957358680398,9.118495,0.9184952
CVE-2018-25209,8.2,8.441230042435539,8.658987,0.45898724
CVE-2018-25210,6.1,6.8037194912982715,6.3887453,0.2887454
CVE-2018-25211,7.8,7.804501047657823,7.886119,0.0861187
CVE-2018-25212,7.8,8.746345118264053,7.8795033,0.07950306
CVE-2018-25213,7.8,8.977059127148898,7.920226,0.12022591
CVE-2018-25214,5.5,6.420601541435327,6.106873,0.60687304
CVE-2018-25215,5.5,7.127027194039746,7.0661855,1.5661855
CVE-2018-25216,5.5,6.2337946973213105,5.9123497,0.4123497
CVE-2018-25217,7.8,8.15522315878788,7.9807053,0.18070507
CVE-2018-25218,7.8,8.967833478270947,8.199132,0.39913177
CVE-2018-25219,7.8,8.77319535930427,8.174627,0.3746271
CVE-2018-25220,9.8,9.230347810670496,8.580924,-1.2190762
CVE-2018-25221,9.8,9.50730862920624,9.14062,-0.65937996
CVE-2018-25222,8.4,8.220027222590604,7.961305,-0.43869448
CVE-2018-25223,9.8,9.173704604289671,9.159383,-0.6406174
CVE-2018-25224,7.8,8.899698335862846,8.484474,0.684474
CVE-2018-25225,7.8,8.592930282138049,8.256187,0.45618725
CVE-2018-25226,5.5,7.143245645622002,6.176796,0.67679596
CVE-2018-25227,5.5,6.349288414024676,6.1941814,0.69418144
CVE-2018-25228,5.5,6.282731348699609,5.9512205,0.4512205
CVE-2018-25229,7.1,6.2973177214836005,6.132753,-0.967247
CVE-2018-25230,5.5,6.696214740336496,6.058235,0.55823517
CVE-2018-25231,5.5,6.395991478570879,5.925969,0.42596912
CVE-2018-25232,5.5,6.161766198619398,6.1071315,0.6071315
CVE-2018-25233,5.5,6.5465091196545995,6.0277843,0.52778435
CVE-2018-25234,5.5,6.266863152521439,6.1811786,0.68117857
CVE-2018-25235,5.5,6.670355879504948,6.046819,0.5468192
CVE-2018-25237,9.8,9.597049528757069,9.294575,-0.50542545
CVE-2018-25236,9.8,8.876223822579776,8.722089,-1.0779114
CVE-2018-25238,6.2,5.916383249844986,5.916548,-0.28345203
CVE-2018-25239,6.2,5.8931184808892425,5.974705,-0.22529459
CVE-2018-25240,6.2,5.942087646936669,5.916548,-0.28345203
CVE-2018-25241,7.5,6.866524583653815,6.8079576,-0.69204235
CVE-2018-25242,6.2,5.975321214267053,5.911804,-0.2881956
CVE-2018-25243,6.2,6.2870366577185814,5.916548,-0.28345203
CVE-2018-25244,6.2,5.937302833372462,5.866657,-0.33334303
CVE-2018-25245,7.5,6.443032397200143,6.5994387,-0.90056133
CVE-2018-25247,6.1,4.455316856902668,5.287209,-0.8127909
CVE-2018-25248,7.2,5.889547384520624,5.832671,-1.3673286
CVE-2018-25249,6.4,5.0633160185696715,5.4999833,-0.9000168
CVE-2018-25250,6.1,5.773590547394228,5.7146907,-0.38530922
CVE-2018-25251,8.4,7.669073877825463,7.891371,-0.50862885
CVE-2018-25252,5.5,6.554252106394383,6.2327666,0.7327666
CVE-2018-25253,5.5,6.081321105912141,5.669373,0.16937304
CVE-2018-25254,9.8,9.43643454573653,9.343116,-0.45688438
CVE-2018-25255,8.4,7.620702376777013,7.883643,-0.51635647
CVE-2018-25246,7.5,6.975440233200238,6.8261805,-0.67381954
CVE-2018-25256,5.5,6.487571121492804,6.0111036,0.51110363
CVE-2018-25257,7.1,8.00761104976283,8.212472,1.112472
CVE-2018-25258,8.4,9.316959484567423,8.15006,-0.24993992
CVE-2018-25259,7.8,8.310923447841871,7.9574714,0.15747118
CVE-2018-25260,7.8,8.61817587919005,7.903653,0.103652954
CVE-2018-25261,7.8,8.472589247359753,7.7152004,-0.08479977
CVE-2018-25262,5.5,6.605263753027959,6.1279707,0.6279707
CVE-2018-25265,7.8,9.044775474754793,8.033632,0.23363209
CVE-2018-25266,5.5,6.831616048574552,5.9940224,0.49402237
CVE-2018-25267,5.5,6.49087487095479,6.1461363,0.6461363
CVE-2018-25268,7.8,7.727014770796977,7.843747,0.04374695
CVE-2018-25269,6.1,5.694817554902864,5.891731,-0.20826912
CVE-2018-25270,9.8,9.559143948214157,9.808096,0.008095741
CVE-2018-25271,5.5,7.06769576266884,6.0765114,0.5765114
CVE-2018-25272,9.8,8.79309016206232,9.504977,-0.29502296
CVE-2018-25263,8.4,7.475522852253598,7.7951074,-0.60489225
CVE-2018-25264,6.2,6.352963791013838,5.7994905,-0.40050936
CVE-2018-25273,6.2,6.626473826803931,6.7783036,0.5783038
CVE-2018-25274,6.2,5.609723001198478,6.027045,-0.17295504
CVE-2018-25275,6.2,6.52837498749066,6.8146515,0.6146517
CVE-2018-25276,5.5,6.192309450320313,5.9758143,0.47581434
CVE-2018-25277,6.2,6.202487377562647,5.9461684,-0.2538314
CVE-2018-25278,6.2,6.192309450320313,5.9758143,-0.22418547
CVE-2018-25279,6.2,6.056881057431793,5.746708,-0.4532919
CVE-2018-25280,5.5,6.3404377601790705,5.9461684,0.44616842
CVE-2018-25281,5.5,6.489336502214797,6.8146515,1.3146515
CVE-2018-25282,6.2,5.457356792179583,5.6963673,-0.50363255
CVE-2018-25283,8.4,8.115086235049768,7.6639705,-0.73602915
CVE-2018-25284,6.2,6.284633418546843,5.7133703,-0.4866295
CVE-2018-25285,5.5,6.45525036659816,6.391913,0.89191294
CVE-2018-25286,6.2,6.163368307275887,5.4538856,-0.74611425
CVE-2018-25287,5.5,6.282977706297597,5.9461684,0.44616842
CVE-2018-25288,6.2,6.257746702927545,5.759866,-0.44013357
CVE-2018-25289,6.2,6.660637577706448,6.440932,0.24093199
CVE-2018-25290,6.2,6.521030037568088,5.5422363,-0.6577635
CVE-2018-25291,6.2,6.259187685243144,6.689998,0.48999834
CVE-2018-25292,6.2,6.333451449771376,5.9072285,-0.29277134
CVE-2018-25293,6.2,6.826908184401276,6.0704136,-0.12958622
CVE-2018-25294,7.5,7.01293259698739,6.8022323,-0.69776773
CVE-2018-25295,6.2,6.154640556176818,6.0376496,-0.16235018
CVE-2018-25296,5.5,6.992632411083684,6.2233267,0.7233267
CVE-2018-25297,6.2,6.635943099117179,6.891478,0.69147825
CVE-2018-25298,5.3,6.975801136786805,7.2617526,1.9617524
CVE-2018-25299,8.4,8.437604558688726,8.118597,-0.2814026
CVE-2018-25300,8.2,7.92705011686108,8.046891,-0.1531086
CVE-2018-25301,8.4,8.44076828223181,8.025085,-0.37491417
CVE-2018-25302,7.8,8.391465455093867,7.970216,0.1702156
CVE-2018-25303,8.4,8.29515816134532,7.929386,-0.47061348
CVE-2018-25304,8.4,7.554142955841373,7.65575,-0.7442498
CVE-2018-25305,6.2,6.553582299895136,5.9358373,-0.26416254
CVE-2018-25306,5.5,7.046810799631754,6.813969,1.3139691
CVE-2018-25307,8.4,7.707487498975219,7.834498,-0.5655017
CVE-2018-25308,8.8,7.331427516162789,8.284081,-0.51591873
CVE-2018-25309,6.1,5.9909047888567635,5.7839003,-0.31609964
CVE-2018-25310,4.3,7.611270318251157,8.168041,3.868041
CVE-2018-25311,6.5,6.651013349563905,6.707386,0.20738602
CVE-2018-25312,6.5,7.904136716057136,8.510321,2.0103207
CVE-2018-25313,6.2,6.580645086718448,5.9202313,-0.27976847
CVE-2018-25314,8.4,8.874611645898579,7.784414,-0.6155858
CVE-2018-25315,8.4,8.387964383817168,7.8195343,-0.5804653
CVE-2018-25316,9.8,6.875800723420919,7.361371,-2.4386292
CVE-2018-25317,9.8,6.827995766803788,7.331095,-2.468905
CVE-2018-25318,9.8,6.827707098640012,7.362859,-2.4371414
CVE-2018-25319,7.1,7.432656563381633,7.2830124,0.18301249
CVE-2018-25320,9.8,9.802955976534491,8.548454,-1.2515459
CVE-2018-25321,4.3,6.248368649803236,6.784805,2.4848046
CVE-2018-25322,8.4,8.704163280740769,7.7820034,-0.6179962
CVE-2018-25323,8.4,8.512101763183338,7.733286,-0.6667137
CVE-2018-25324,6.2,8.206823257202545,9.318176,3.1181765
CVE-2018-25325,7.5,6.899587503018092,7.112651,-0.38734913
CVE-2018-25326,7.5,7.402205835180393,7.2476363,-0.25236368
CVE-2018-25327,5.3,6.218588351351457,6.6430316,1.3430314
CVE-2018-25328,8.4,7.576401027750163,7.9006605,-0.4993391
CVE-2018-25329,7.5,7.0401442175883,7.250006,-0.2499938
CVE-2018-25330,8.2,7.637552176800193,8.188324,-0.011675835
CVE-2018-25331,6.1,5.951413944194433,7.0614314,0.9614315
CVE-2018-25332,9.8,9.559550550733615,10.106038,0.3060379
CVE-2018-25333,8.2,9.20166288023151,9.250729,1.0507288
CVE-2018-25334,5.4,6.67807161142104,5.8678465,0.4678464
CVE-2018-25335,9.8,8.408505693459226,8.865093,-0.93490696
CVE-2018-25336,5.3,6.795182182964395,6.790534,1.4905338
CVE-2018-25337,4.3,6.006223245473957,6.038486,1.7384858
CVE-2018-25338,8.2,8.039040336411645,8.101563,-0.098436356
CVE-2018-25339,8.2,8.002982165851625,8.226384,0.026384354
CVE-2018-25340,8.2,8.765814112380259,8.634571,0.43457127
CVE-2018-25341,8.2,8.822535597480936,8.659979,0.45997906
CVE-2018-25342,8.2,8.408960344826392,8.047934,-0.15206623
CVE-2018-25343,4.3,6.123110264257555,7.285989,2.9859886
CVE-2018-25344,8.4,8.534736314901835,7.7852244,-0.6147752
CVE-2018-25345,8.4,7.7219585319389665,7.9761953,-0.42380428
CVE-2018-25346,7.1,7.752271946307739,7.8347883,0.7347884
CVE-2018-25347,7.1,7.376529143486695,7.0186725,-0.08132744
CVE-2018-25348,8.2,8.100219223463101,8.115694,-0.08430576
CVE-2018-25349,6.1,5.6673279959875345,6.8385,0.7385001
CVE-2018-25350,9.8,7.070797762507566,7.1628566,-2.6371436
CVE-2018-25351,8.2,8.62181651471149,8.604482,0.4044819
CVE-2018-25352,7.1,7.714510273100844,7.6973763,0.59737635
CVE-2018-25353,8.8,7.719835245957113,8.394523,-0.40547752
CVE-2018-25354,4.3,5.669718950205084,6.1425557,1.8425555
CVE-2018-25355,8.4,8.319752080694403,7.883859,-0.51614046
CVE-2018-25356,8.4,7.647410962760965,7.639194,-0.7608056
CVE-2018-25357,9.8,9.79409229596702,10.082204,0.28220367
CVE-2018-25358,7.5,7.141535477152349,7.0865197,-0.41348028
CVE-2018-25359,8.4,7.238471858004401,7.194488,-1.2055116
CVE-2018-25360,8.4,7.910864279319846,7.849329,-0.5506706
CVE-2018-25361,6.8,6.4131889053567,7.376635,0.5766349
CVE-2018-25362,8.2,8.072703321488659,8.139993,-0.060007095
CVE-2018-25363,4.3,6.724887095908711,6.786951,2.4869509
CVE-2018-25364,8.2,8.762085463221135,8.736909,0.5369091
CVE-2018-25365,7.5,7.195101110454348,7.155846,-0.34415388
CVE-2018-25366,8.4,7.395153905046814,7.805305,-0.5946946
CVE-2018-25367,6.2,6.227808712359369,5.9202313,-0.27976847
CVE-2018-25368,7.5,7.122551542332083,7.141991,-0.35800886
CVE-2018-25369,6.2,6.248084981326944,5.9174967,-0.28250313
CVE-2018-25370,5.3,6.968813271251778,7.481427,2.181427
CVE-2018-25371,8.2,7.958014566202103,8.042678,-0.15732193
CVE-2018-25372,8.2,7.901364936522698,8.986226,0.7862263
CVE-2018-25373,8.4,8.329558084835451,7.902489,-0.49751043
CVE-2018-25374,7.5,7.738216805726413,7.406884,-0.09311581
CVE-2018-25375,8.4,8.264985171497106,7.87163,-0.5283694
CVE-2018-25376,8.4,8.259497338071109,7.742943,-0.6570568
CVE-2018-25377,8.4,8.387076513879464,7.770137,-0.6298628
CVE-2018-25378,6.2,5.676749535305093,6.0021667,-0.19783306
CVE-2018-25379,8.2,8.418348188238255,8.245193,0.04519272
CVE-2018-25380,7.1,7.601859138605215,7.7628117,0.66281176
CVE-2018-25381,7.1,8.375834414259902,7.9875164,0.8875165
CVE-2018-25382,8.2,8.211014293752326,8.358487,0.15848732
CVE-2018-25383,8.4,8.61095776839014,8.11974,-0.2802601
CVE-2018-25384,5.4,4.766257505014437,6.5061336,1.1061335
CVE-2018-25385,8.2,8.710459010700507,8.720085,0.52008533
CVE-2018-25386,8.2,7.52123843517196,7.629283,-0.57071686
CVE-2018-25387,5.3,6.990793646393808,7.610634,2.3106337
CVE-2018-25388,8.8,8.609650950215453,8.609947,-0.19005299
CVE-2018-25389,8.2,7.866537558845813,8.337769,0.13776875
CVE-2018-25390,8.2,7.866537558845813,8.337769,0.13776875
CVE-2018-25391,7.5,7.081800962587554,7.0696464,-0.43035364
CVE-2018-25392,7.1,7.714653207968046,7.6502795,0.5502796
CVE-2018-25393,6.5,6.870935865354421,6.924179,0.42417908
CVE-2018-25394,8.2,8.539557052419395,8.588297,0.38829708
CVE-2018-25395,8.2,8.539557052419395,8.588297,0.38829708
CVE-2018-25396,7.5,7.648667429164065,8.026591,0.5265913
CVE-2018-25397,5.3,6.07012352782077,6.7680054,1.4680052
CVE-2018-25398,8.2,8.45067831058955,8.551512,0.35151196
CVE-2018-25399,8.2,8.483320999637423,8.443081,0.2430811
CVE-2018-25400,8.2,8.411982539571861,8.48595,0.28595066
CVE-2018-25401,8.2,8.595522643267852,8.743725,0.543725
CVE-2018-25402,8.2,8.595522643267852,8.743725,0.543725
CVE-2018-25403,8.2,8.595522643267852,8.743725,0.543725
CVE-2018-25404,8.2,8.579120199669347,8.72114,0.5211401
CVE-2018-25405,8.2,8.694916855326028,8.716312,0.5163126
CVE-2018-25406,8.2,8.851668907718333,8.998393,0.79839325
CVE-2018-25407,8.2,8.72166014709093,8.837849,0.63784885
CVE-2018-25408,7.5,7.478127416644511,7.0153627,-0.48463726
CVE-2018-25409,8.8,7.98077094400402,8.292684,-0.5073166
CVE-2018-25410,7.1,7.996002893811408,7.779345,0.67934513
CVE-2018-25411,8.2,8.56116946970031,8.860983,0.6609831
CVE-2018-25412,9.8,9.18764008242308,9.696215,-0.103785515
CVE-2018-25413,8.2,8.799111982532818,8.911141,0.7111416
CVE-2018-25414,8.2,8.818944576991933,8.797078,0.5970783
CVE-2018-25415,8.2,8.818944576991933,8.797078,0.5970783
CVE-2018-25416,8.2,8.818944576991933,8.797078,0.5970783
CVE-2018-25417,8.2,8.818944576991933,8.797078,0.5970783
CVE-2018-25418,8.2,8.818944576991933,8.797078,0.5970783
CVE-2018-25419,8.2,8.818944576991933,8.797078,0.5970783
CVE-2018-25420,8.2,8.68765801134112,8.830232,0.63023186
CVE-2018-25421,6.5,6.510032113248481,6.606088,0.10608816
CVE-2018-25422,8.2,8.90169329508913,8.711476,0.5114765
CVE-2018-25423,6.2,6.404823336758011,5.8339577,-0.36604214
CVE-2018-25424,8.2,9.283472637397612,9.581122,1.3811226
CVE-2018-25425,8.2,8.842217996517196,8.960194,0.7601938
CVE-2018-25426,7.5,7.177503647734328,6.4822426,-1.0177574
CVE-2018-25427,9.8,8.85717622041793,9.200295,-0.59970474
CVE-2018-25428,8.2,8.823326294400637,8.846514,0.64651394
CVE-2018-25429,7.1,8.098240445853097,7.7736864,0.6736865
CVE-2018-25430,7.1,7.96380025568838,7.7463593,0.64635944
CVE-2018-25431,7.1,7.114337682964037,7.2032332,0.10323334
CVE-2018-25432,8.4,8.507321827490472,7.779301,-0.62069845
CVE-2018-25433,8.2,8.775043415214128,9.036761,0.8367615
CVE-2018-25434,8.2,8.642534313999308,9.086296,0.8862963
CVE-2018-25435,5.3,6.067138980324275,6.6908226,1.3908224
CVE-2018-25436,9.8,8.862284318588694,9.615935,-0.18406487
CVE-2018-25437,7.5,6.3947607219125615,6.536571,-0.963429
CVE-2019-15690,8.8,8.273341395288062,8.790917,-0.009082794
CVE-2019-15002,4.3,7.733089987176232,6.954923,2.654923
CVE-2019-8900,6.8,8.368925303842385,8.384934,1.5849342
CVE-2019-25222,4.9,8.207773449072237,7.692697,2.792697
CVE-2019-15706,5.4,5.466568935578227,5.4300814,0.030081272
CVE-2019-17659,8.1,7.466623233464535,7.3350706,-0.7649298
CVE-2019-6697,6.1,6.03901325704542,6.3560596,0.25605965
CVE-2019-16151,6.1,6.508698384085123,6.1217885,0.021788597
CVE-2019-16149,6.1,6.97506157070613,6.1997695,0.09976959
CVE-2019-25223,4.9,7.167850223671073,6.712594,1.8125939
CVE-2019-16536,8.8,7.334537629124207,7.2644496,-1.5355506
CVE-2019-25224,9.8,9.14375242541615,9.284171,-0.5158291
CVE-2019-19145,5.8,6.9481234090639585,6.7689023,0.9689021
CVE-2019-19144,9.8,7.319859529299706,7.5766134,-2.2233868
CVE-2019-25225,6.1,5.688589071818384,5.8245664,-0.27543354
CVE-2019-25228,5.3,5.720474054172014,6.1886864,0.8886862
CVE-2019-25229,8.8,7.271664645670822,7.421436,-1.3785644
CVE-2019-25230,4.3,4.26753993706412,5.4536314,1.1536312
CVE-2019-25233,5.3,5.8155975641362625,6.752906,1.4529057
CVE-2019-25234,5.3,5.2117742819700155,6.746723,1.446723
CVE-2019-25235,9.8,7.355773992500823,7.3725,-2.4275002
CVE-2019-25236,9.8,7.58667626410125,7.382399,-2.417601
CVE-2019-25237,9.8,7.7813966153786795,7.844806,-1.955194
CVE-2019-25238,4.3,5.789762576846953,6.402604,2.102604
CVE-2019-25239,7.5,7.08210077077071,7.3917336,-0.10826635
CVE-2019-25240,9.8,8.06561554458184,7.393357,-2.4066434
CVE-2019-25241,9.8,10.192149563239678,8.8563795,-0.9436207
CVE-2019-25242,4.3,5.866810626913888,6.8424506,2.5424504
CVE-2019-25243,8.8,9.673442419243653,8.519928,-0.2800722
CVE-2019-25244,5.3,5.40043426084661,6.6066747,1.3066745
CVE-2019-25245,8.8,5.688087866957111,6.7187076,-2.0812926
CVE-2019-25246,8.8,6.282063663037444,6.4449234,-2.3550768
CVE-2019-25247,5.3,6.15349584343009,6.6683393,1.3683391
CVE-2019-25248,7.5,8.232502998799138,7.80357,0.3035698
CVE-2019-25249,9.8,8.352601709991209,9.19014,-0.6098604
CVE-2019-25250,5.3,6.286425256000931,6.602537,1.302537
CVE-2019-25251,6.5,7.340759384172594,7.5368767,1.0368767
CVE-2019-25252,4.3,6.645925608103975,7.5032697,3.2032695
CVE-2019-25253,7.5,7.371823337299833,8.428622,0.92862225
CVE-2019-25254,8.8,6.343464821153964,7.0364437,-1.7635565
CVE-2019-25255,4.3,9.068126176814697,8.99718,4.69718
CVE-2019-25256,6.5,6.6612509939073234,6.6886783,0.18867826
CVE-2019-25257,6.5,7.580390655263615,7.9991813,1.4991813
CVE-2019-25258,7.5,6.952041761650906,7.2358723,-0.26412773
CVE-2019-25262,3.5,5.6682537853154775,3.7118387,0.21183872
CVE-2019-25231,8.4,7.692685205277612,7.67551,-0.7244897
CVE-2019-25259,5.3,6.320843620841704,6.643192,1.3431916
CVE-2019-25268,9.8,7.634097720461131,8.635502,-1.1644983
CVE-2019-25270,6.1,6.131250371266736,6.67515,0.57515
CVE-2019-25277,6.1,6.932842428396995,6.1698146,0.06981468
CVE-2019-25278,5.9,7.9982399643428685,7.5027237,1.6027236
CVE-2019-25279,7.5,7.665522209260947,7.649592,0.14959192
CVE-2019-25280,6.1,6.729157063548183,6.820741,0.7207413
CVE-2019-25282,9.8,6.548827237884693,6.6632385,-3.1367617
CVE-2019-25284,6.1,6.287594196963423,6.310397,0.21039724
CVE-2019-25289,8.8,9.616987720905383,8.581278,-0.21872234
CVE-2019-25290,5.3,8.01612021017401,7.241255,1.9412546
CVE-2019-25291,7.5,7.450355124533132,7.6161475,0.11614752
CVE-2019-25295,6.5,7.055794624059717,6.63184,0.13184023
CVE-2019-25296,9.8,8.026644593662056,9.59584,-0.20415974
CVE-2019-25232,9.8,8.351976912540955,7.904665,-1.8953352
CVE-2019-25261,7.8,7.109518702682007,7.0497513,-0.7502489
CVE-2019-25263,6.4,5.590594533113303,6.673342,0.27334213
CVE-2019-25264,6.4,5.722104656496925,5.985537,-0.41446304
CVE-2019-25265,6.4,5.6275750499598685,6.07694,-0.32306004
CVE-2019-25260,8.2,8.617007435861447,8.525123,0.32512283
CVE-2019-25267,7.8,7.938651025266688,7.7520123,-0.047987938
CVE-2019-25269,7.8,7.861802862946291,7.698795,-0.10120535
CVE-2019-25271,7.8,7.7704238114688,7.6790743,-0.1209259
CVE-2019-25272,7.8,8.354477089112263,7.7810283,-0.01897192
CVE-2019-25273,7.8,7.767304615852352,7.632907,-0.16709328
CVE-2019-25274,7.8,7.843388541312711,7.6049647,-0.19503546
CVE-2019-25275,7.8,7.9702502508048765,7.7339854,-0.06601477
CVE-2019-25276,7.8,8.228566022272915,7.5493846,-0.2506156
CVE-2019-25281,7.8,8.204959411273808,7.6123815,-0.18761873
CVE-2019-25283,7.8,7.876995216666307,7.9265127,0.12651253
CVE-2019-25285,7.8,8.239715925632602,7.795444,-0.004556179
CVE-2019-25286,7.8,7.808930209261139,7.588769,-0.21123123
CVE-2019-25287,7.8,8.2915748410058,7.575609,-0.22439098
CVE-2019-25288,7.8,7.545920781378841,7.6260138,-0.17398643
CVE-2019-25266,7.8,7.776294730647249,7.6384063,-0.16159391
CVE-2019-25292,7.8,8.05842389679598,7.854839,0.054838657
CVE-2019-25293,7.8,7.518176170989728,7.6085873,-0.19141293
CVE-2019-25294,6.1,6.188615106369075,5.8444004,-0.2555995
CVE-2019-25298,9.1,7.542715913629885,8.129401,-0.9705992
CVE-2019-25299,7.1,7.454788243591558,8.167485,1.0674853
CVE-2019-25300,7.1,7.586324632164303,7.9295783,0.8295784
CVE-2019-25301,6.4,5.948701975401547,6.694788,0.29478788
CVE-2019-25302,7.8,8.032615181741988,7.551255,-0.24874496
CVE-2019-25303,7.1,7.512329717388322,7.9518437,0.85184383
CVE-2019-25304,7.8,7.816702803877298,7.551255,-0.24874496
CVE-2019-25305,7.8,8.126244521097561,7.7606664,-0.03933382
CVE-2019-25306,7.8,8.280713077204013,7.5870776,-0.21292257
CVE-2019-25307,7.8,7.82780079648399,7.624823,-0.1751771
CVE-2019-25308,7.8,8.101566438624548,7.915831,0.1158309
CVE-2019-25309,7.8,7.971028099730333,8.672752,0.8727522
CVE-2019-25310,7.8,7.757078345851153,7.6049647,-0.19503546
CVE-2019-25311,5.4,6.126690354474969,5.8844204,0.4844203
CVE-2019-25312,5.4,6.155503830958886,6.0526342,0.65263414
CVE-2019-25314,5.5,5.9804853855451565,6.07115,0.5711498
CVE-2019-25315,6.4,5.373714832769357,6.7895494,0.38954926
CVE-2019-25316,6.4,5.5397843046288715,6.5218163,0.12181616
CVE-2019-25317,5.4,5.713824244577449,5.7171125,0.31711245
CVE-2019-25313,4.0,6.160904356073611,7.1645927,3.1645927
CVE-2019-25343,7.8,6.787915901879348,7.331871,-0.46812916
CVE-2019-25344,7.8,6.352463075759598,6.748862,-1.0511384
CVE-2019-25345,7.8,7.6831350150972515,7.6017327,-0.19826746
CVE-2019-25346,7.5,8.638289981119541,8.393339,0.89333916
CVE-2019-25347,7.5,9.045453277782126,9.027047,1.5270472
CVE-2019-25318,8.8,8.092197161606899,8.384087,-0.41591358
CVE-2019-25319,9.8,8.63550796727436,8.784806,-1.0151939
CVE-2019-25320,6.5,8.893657568087177,8.313182,1.8131819
CVE-2019-25321,9.8,9.710650502881196,9.263942,-0.5360584
CVE-2019-25322,7.5,6.941482168907815,7.1966224,-0.30337763
CVE-2019-25323,6.1,6.3892526809980135,7.1116395,1.0116396
CVE-2019-25324,6.1,5.6991727179491205,6.651782,0.55178213
CVE-2019-25325,8.2,9.276819693450374,9.615118,1.4151182
CVE-2019-25327,9.8,7.797331278448577,8.810387,-0.98961353
CVE-2019-25328,7.5,6.5507772325956894,7.192707,-0.30729294
CVE-2019-25329,7.5,6.731458821855906,6.8253994,-0.6746006
CVE-2019-25330,7.5,6.394729345057206,6.3245516,-1.1754484
CVE-2019-25331,8.4,7.248072399654,8.099408,-0.30059147
CVE-2019-25332,8.4,9.222702483767247,8.731824,0.3318243
CVE-2019-25333,7.5,7.2875016726408655,6.899669,-0.6003308
CVE-2019-25334,5.5,6.498041487976798,5.8070207,0.30702066
CVE-2019-25335,7.5,9.166067238672232,8.962738,1.462738
CVE-2019-25336,7.8,8.646218172007373,8.204354,0.4043541
CVE-2019-25337,9.8,6.658089506545607,6.7832556,-3.0167446
CVE-2019-25338,5.3,6.8891105264074675,6.2675104,0.9675102
CVE-2019-25339,7.5,6.801145827699276,6.885402,-0.6145978
CVE-2019-25340,7.5,6.7436550573064045,6.807273,-0.6927271
CVE-2019-25341,7.5,6.160414069329628,6.6992164,-0.80078363
CVE-2019-25342,7.5,6.822666152326138,6.874229,-0.62577105
CVE-2019-25367,5.4,5.098217382070226,5.8067975,0.4067974
CVE-2019-25368,5.4,5.947538595593131,5.621987,0.22198677
CVE-2019-25369,5.4,5.516514019327751,5.3435354,-0.056464672
CVE-2019-25370,6.1,6.297292753154038,6.1046257,0.0046257973
CVE-2019-25371,6.1,6.349873771930748,6.3516397,0.25163984
CVE-2019-25372,6.1,6.432307289466535,6.365187,0.26518726
CVE-2019-25373,5.4,5.439706526079339,5.424192,0.024191856
CVE-2019-25374,6.1,6.63866912088062,6.1204233,0.020423412
CVE-2019-25375,6.1,6.762456451568078,6.2418804,0.14188051
CVE-2019-25376,6.1,6.622767410131369,6.2779756,0.17797565
CVE-2019-25377,6.1,6.178458289993815,6.0407815,-0.059218407
CVE-2019-25378,6.1,5.660933711619045,5.732825,-0.3671751
CVE-2019-25379,7.2,5.837725186702144,5.682719,-1.5172806
CVE-2019-25380,6.1,6.140263890158249,5.983191,-0.11680889
CVE-2019-25381,6.1,6.112564916613746,5.885079,-0.214921
CVE-2019-25382,6.1,6.463304022416956,6.2248316,0.12483168
CVE-2019-25383,6.1,5.834041850915593,5.954808,-0.14519167
CVE-2019-25384,6.1,6.07866412365351,5.8868585,-0.21314144
CVE-2019-25385,6.1,6.2109784521272005,6.1134453,0.013445377
CVE-2019-25386,6.1,6.07866412365351,5.8868585,-0.21314144
CVE-2019-25387,6.1,6.422946540960204,6.3070493,0.20704937
CVE-2019-25388,6.1,6.382859315939311,6.2248316,0.12483168
CVE-2019-25389,6.1,6.66522840682512,6.309574,0.20957422
CVE-2019-25390,6.1,6.012293813710819,5.7540894,-0.34591055
CVE-2019-25392,6.1,6.738154422874342,6.3609257,0.26092577
CVE-2019-25393,6.1,6.295685695360738,6.3395004,0.23950052
CVE-2019-25394,6.1,5.520767401866681,5.478029,-0.62197113
CVE-2019-25395,6.1,5.320485370090855,5.4912686,-0.60873127
CVE-2019-25326,5.5,6.3025274812057495,6.168278,0.6682782
CVE-2019-25349,7.5,6.878421889925106,6.603964,-0.89603615
CVE-2019-25350,7.5,6.401153623588589,6.2899356,-1.2100644
CVE-2019-25351,8.8,5.694898093279093,6.545093,-2.2549071
CVE-2019-25352,7.5,7.376633386803941,7.1552176,-0.34478235
CVE-2019-25353,7.5,6.6910081742488225,6.701826,-0.7981739
CVE-2019-25354,7.5,6.826543778583182,6.780615,-0.71938515
CVE-2019-25355,7.5,7.594214617077474,7.23535,-0.26464987
CVE-2019-25356,6.1,5.149455366430132,5.832818,-0.26718187
CVE-2019-25357,8.4,8.226485889627007,8.214741,-0.18525887
CVE-2019-25358,7.5,6.375852790247588,6.454132,-1.0458679
CVE-2019-25359,8.2,6.404425789913919,7.5272694,-0.67273045
CVE-2019-25360,9.8,8.767593109440696,8.673013,-1.1269875
CVE-2019-25361,9.8,8.75622403967439,8.91662,-0.88337994
CVE-2019-25362,9.8,8.799422387138037,8.626225,-1.1737747
CVE-2019-25363,7.5,7.08586818621155,7.6284127,0.12841272
CVE-2019-25364,9.8,8.650932988360113,9.099041,-0.7009592
CVE-2019-25365,9.8,9.243414545189918,9.096386,-0.70361423
CVE-2019-25396,6.1,6.021353970634104,6.122407,0.022407055
CVE-2019-25397,6.1,6.079003451085173,5.9757967,-0.124203205
CVE-2019-25398,6.1,5.910711778403629,5.750306,-0.34969378
CVE-2019-25399,6.4,5.566493909543641,5.305764,-1.0942359
CVE-2019-25400,5.4,6.033880793890177,5.822197,0.42219687
CVE-2019-25401,7.5,6.191715823811139,6.6928954,-0.8071046
CVE-2019-25402,6.1,6.536202057090224,6.256867,0.15686703
CVE-2019-25403,5.4,4.695049873121192,5.346441,-0.053559303
CVE-2019-25404,5.4,4.987010163566468,5.7416964,0.34169626
CVE-2019-25405,5.4,5.8370693974199845,5.4947586,0.09475851
CVE-2019-25406,6.1,6.262972115007813,6.128037,0.028037071
CVE-2019-25407,6.1,6.179427217773372,6.104821,0.0048213005
CVE-2019-25408,6.1,6.186388856275939,6.1221433,0.022143364
CVE-2019-25409,6.1,6.262972115007813,6.128037,0.028037071
CVE-2019-25410,6.1,6.0455729866338395,6.104821,0.0048213005
CVE-2019-25411,6.1,6.2174462242821695,6.135695,0.035695076
CVE-2019-25412,6.1,6.1296268654196195,6.104821,0.0048213005
CVE-2019-25413,6.1,6.512857610783352,6.3363304,0.23633051
CVE-2019-25414,6.1,6.512857610783352,6.3363304,0.23633051
CVE-2019-25415,6.1,6.218736300998966,6.128037,0.028037071
CVE-2019-25416,6.1,6.171662498576685,6.0783806,-0.02161932
CVE-2019-25417,6.1,6.4024678054943776,6.086184,-0.01381588
CVE-2019-25418,6.1,6.210417453094556,6.104821,0.0048213005
CVE-2019-25419,5.4,5.996905082521694,5.5137277,0.11372757
CVE-2019-25420,6.1,6.055910192071768,6.1221433,0.022143364
CVE-2019-25421,6.1,6.1154681993909366,5.756342,-0.34365797
CVE-2019-25422,6.1,5.787976884439744,5.647998,-0.45200205
CVE-2019-25423,6.1,5.875286781877069,5.9163,-0.18370008
CVE-2019-25424,6.1,6.22739954937932,6.128037,0.028037071
CVE-2019-25425,6.1,6.202625013931135,6.1255646,0.02556467
CVE-2019-25426,6.1,6.054534134032688,6.128037,0.028037071
CVE-2019-25427,6.1,6.291728776865562,6.128037,0.028037071
CVE-2019-25428,6.1,5.857143558893849,5.885426,-0.21457386
CVE-2019-25429,6.1,6.132374827638206,6.104821,0.0048213005
CVE-2019-25430,6.1,6.449707955942566,6.3075795,0.20757961
CVE-2019-25444,9.1,8.357937536299175,8.206927,-0.8930731
CVE-2019-25445,6.1,6.604407196646632,5.9680023,-0.13199759
CVE-2019-25431,8.2,8.077581812465443,8.554852,0.35485172
CVE-2019-25432,7.5,9.009939228885237,8.475351,0.97535133
CVE-2019-25434,5.5,6.831627328401891,7.1676717,1.6676717
CVE-2019-25435,7.8,8.38630079376207,8.011618,0.21161747
CVE-2019-25436,6.5,7.286484773271517,7.2050776,0.70507765
CVE-2019-25437,6.2,6.571927352232502,6.7672143,0.5672145
CVE-2019-25438,7.5,9.481720896416492,9.381537,1.8815374
CVE-2019-25441,9.8,9.994213546838754,9.5545025,-0.2454977
CVE-2019-25447,3.5,6.417433384130955,6.7710404,3.2710404
CVE-2019-25448,6.4,5.172403569400222,5.408587,-0.9914131
CVE-2019-25449,6.1,6.0970489291487295,6.1143312,0.014331341
CVE-2019-25451,8.8,6.492230465730545,6.8409786,-1.9590216
CVE-2019-25453,6.1,7.115342535494901,6.3042145,0.20421457
CVE-2019-25454,6.1,6.533204546787026,6.048931,-0.051068783
CVE-2019-25366,8.2,8.580294803850428,8.880726,0.68072605
CVE-2019-25391,8.2,7.112213902759395,8.12105,-0.07894993
CVE-2019-25433,8.2,8.144927709890624,8.261151,0.061151505
CVE-2019-25439,8.2,8.064318192615014,8.347557,0.14755726
CVE-2019-25440,8.2,8.220466076109165,8.185265,-0.014735222
CVE-2019-25442,7.5,8.60755475127622,8.314506,0.8145056
CVE-2019-25443,8.2,9.141178939854145,9.2536545,1.0536547
CVE-2019-25446,8.2,8.105795790676813,8.14212,-0.057879448
CVE-2019-25450,7.5,7.077783191471567,7.8688183,0.36881828
CVE-2019-25452,7.5,8.336879596395171,8.925854,1.4258537
CVE-2019-25455,7.5,8.494339907786085,8.267125,0.7671251
CVE-2019-25456,9.1,8.245542454242859,8.477703,-0.6222973
CVE-2019-25457,7.5,8.284676404272345,8.407702,0.90770245
CVE-2019-25458,9.8,8.337392461284503,8.490507,-1.3094931
CVE-2019-25459,9.8,8.246232585617062,8.472963,-1.3270369
CVE-2019-25460,7.5,8.320044724780299,8.407702,0.90770245
CVE-2019-25461,7.5,8.219153844067522,8.407702,0.90770245
CVE-2019-25462,8.2,8.011963905165699,7.9273033,-0.2726965
CVE-2019-25489,9.1,8.121532452840823,8.289258,-0.8107424
CVE-2019-25490,7.5,8.108707297280512,8.354381,0.8543806
CVE-2019-25491,7.5,8.223053260890234,8.417524,0.91752434
CVE-2019-25492,7.5,8.223053260890234,8.417524,0.91752434
CVE-2019-25493,7.5,8.223053260890234,8.417524,0.91752434
CVE-2019-25494,8.2,10.125819221165068,10.121722,1.9217224
CVE-2019-25495,7.5,8.578872072294475,8.413446,0.9134464
CVE-2019-25496,7.5,8.607042236117941,8.387578,0.887578
CVE-2019-25497,7.5,8.578872072294475,8.413446,0.9134464
CVE-2019-25498,8.2,8.670803539097887,8.616697,0.4166975
CVE-2019-25499,9.8,9.137969667734652,9.338909,-0.46109104
CVE-2019-25500,8.2,8.508391263511104,8.778683,0.5786829
CVE-2019-25501,8.2,8.747981259462286,9.151087,0.951087
CVE-2019-25502,6.1,7.000730946186934,5.968438,-0.13156176
CVE-2019-25503,7.1,8.710229499446196,9.207357,2.1073575
CVE-2019-25504,8.2,7.913701015686641,8.123257,-0.076743126
CVE-2019-25505,7.1,7.219057804229877,7.808219,0.70821905
CVE-2019-25506,9.8,9.7613933742465,9.281436,-0.5185642
CVE-2019-25507,8.2,8.318906570169348,8.173131,-0.02686882
CVE-2019-25463,6.2,6.606857118824755,6.140098,-0.059901714
CVE-2019-25464,5.5,6.004169377565084,5.910863,0.41086292
CVE-2019-25465,7.5,7.102580244600793,6.9330454,-0.5669546
CVE-2019-25466,8.4,7.845033155562765,7.6603026,-0.739697
CVE-2019-25467,8.4,8.56248735169255,7.9372168,-0.46278286
CVE-2019-25468,9.8,9.367847073367171,9.7005415,-0.099458694
CVE-2019-25469,6.2,6.462669465375182,6.255271,0.05527115
CVE-2019-25470,7.5,7.299391195445169,7.9194884,0.41948843
CVE-2019-25471,9.8,8.549243367760196,8.805053,-0.99494743
CVE-2019-25472,7.5,7.098942671473411,7.2240086,-0.27599144
CVE-2019-25474,6.2,6.239924657821489,6.2059827,0.005982876
CVE-2019-25475,6.2,6.778192871769086,6.552991,0.3529911
CVE-2019-25476,6.2,6.467853828634418,6.5539246,0.35392475
CVE-2019-25477,6.2,6.740780467774913,6.984443,0.7844434
CVE-2019-25478,7.5,7.341259175748608,7.0076594,-0.49234056
CVE-2019-25480,7.5,9.370779356687848,9.625286,2.125286
CVE-2019-25483,8.4,7.830312464776547,7.7882047,-0.61179495
CVE-2019-25484,6.2,6.065685672922999,6.1980114,-0.001988411
CVE-2019-25485,6.2,7.797482207040208,7.611206,1.4112062
CVE-2019-25486,8.2,8.248067548096731,8.653126,0.45312595
CVE-2019-25487,9.8,9.094391583790669,9.809471,0.00947094
CVE-2019-25473,7.1,6.88893888616045,7.5763645,0.4763646
CVE-2019-25479,8.2,8.006117003286082,8.063194,-0.13680553
CVE-2019-25481,8.2,7.8788992077960875,8.375549,0.1755495
CVE-2019-25482,8.2,8.35570219249573,8.382436,0.18243599
CVE-2019-25488,9.8,7.722300664985218,8.285573,-1.5144272
CVE-2019-25508,8.2,8.488242485811531,8.430368,0.23036861
CVE-2019-25509,8.2,8.07729895858451,8.261151,0.061151505
CVE-2019-25510,9.8,9.836440162874467,9.936385,0.13638496
CVE-2019-25511,8.2,8.64205011927125,8.438793,0.23879337
CVE-2019-25512,8.2,8.42782242555186,8.478503,0.27850342
CVE-2019-25513,9.8,8.89090800798454,8.912101,-0.8878994
CVE-2019-25514,9.8,9.071175658053921,8.980544,-0.8194561
CVE-2019-25515,9.8,9.819355240546232,8.8971,-0.90289974
CVE-2019-25516,7.5,8.644943622343463,8.54402,1.0440197
CVE-2019-25517,8.2,8.657908396078472,8.518673,0.31867313
CVE-2019-25518,8.2,8.845053339157003,9.045131,0.8451309
CVE-2019-25519,8.2,8.31157056476849,8.729551,0.5295515
CVE-2019-25520,9.8,9.84521248261341,9.936385,0.13638496
CVE-2019-25521,9.1,8.525356703746871,8.405022,-0.6949787
CVE-2019-25522,9.1,9.21066891619741,9.438073,0.33807278
CVE-2019-25523,9.1,9.275032778842538,9.390693,0.29069233
CVE-2019-25524,9.1,9.121509687806821,9.347757,0.24775696
CVE-2019-25525,9.1,8.989811469967915,9.2784,0.17840004
CVE-2019-25526,9.1,8.505888806031106,8.906243,-0.19375706
CVE-2019-25527,9.1,8.989811469967915,9.2784,0.17840004
CVE-2019-25528,9.1,8.588915410847061,8.906243,-0.19375706
CVE-2019-25529,7.1,6.822112976428809,7.4115252,0.31152534
CVE-2019-25530,8.2,8.078609583020246,8.322103,0.12210274
CVE-2019-25531,8.2,8.425266959691879,8.772451,0.5724516
CVE-2019-25532,8.2,8.182359754185445,8.805608,0.605608
CVE-2019-25533,8.2,8.143361480191096,9.062221,0.86222076
CVE-2019-25534,8.2,8.620569685811608,8.989598,0.78959846
CVE-2019-25535,8.2,7.720159222946821,8.528999,0.32899952
CVE-2019-25536,8.2,8.927258924435296,9.257427,1.0574274
CVE-2019-25537,8.2,7.650023532609289,8.415419,0.21541882
CVE-2019-25538,8.2,8.289883640003302,8.419378,0.21937847
CVE-2019-25539,8.2,8.258843446602203,8.551902,0.351902
CVE-2019-25540,8.2,8.47923284402539,8.305143,0.10514355
CVE-2019-25541,8.2,8.02210403778927,8.12126,-0.07874012
CVE-2019-25542,8.2,9.043397358155238,9.338909,1.1389093
CVE-2019-25543,8.2,8.894984720669255,9.264913,1.0649128
CVE-2019-25544,5.5,6.366877479569888,6.1734586,0.6734586
CVE-2019-25545,5.5,6.932540344701756,6.254091,0.7540908
CVE-2019-25546,5.5,6.698068786387167,6.229422,0.7294221
CVE-2019-25547,5.5,6.594235970037629,7.0062056,1.5062056
CVE-2019-25548,5.5,6.159921082054278,6.1717525,0.67175245
CVE-2019-25549,5.5,7.082445649933067,6.3311815,0.8311815
CVE-2019-25550,5.5,7.06643179628751,6.261078,0.7610779
CVE-2019-25551,5.5,6.182745225121826,6.1811786,0.68117857
CVE-2019-25552,7.5,7.310785826319507,7.390818,-0.10918188
CVE-2019-25553,5.5,6.378841737119552,6.0483923,0.5483923
CVE-2019-25554,5.5,6.605944643011677,6.1279707,0.6279707
CVE-2019-25555,7.1,6.299282180297433,6.1811786,-0.91882133
CVE-2019-25556,5.5,6.600660474137114,6.091528,0.59152794
CVE-2019-25557,5.5,6.261654959138349,6.1091857,0.6091857
CVE-2019-25558,5.5,6.630356035306804,6.0338163,0.53381634
CVE-2019-25559,5.5,6.350348518052719,6.5556507,1.0556507
CVE-2019-25560,7.5,6.70385369708754,6.599648,-0.900352
CVE-2019-25561,5.5,6.511871712746167,6.067503,0.567503
CVE-2019-25562,5.5,6.719161954196128,6.2129607,0.7129607
CVE-2019-25563,5.5,5.873471396892298,5.974624,0.47462416
CVE-2019-25564,5.0,6.48199773425259,6.1279707,1.1279707
CVE-2019-25565,5.5,6.51909451529105,6.5983624,1.0983624
CVE-2019-25566,5.5,6.6036272038319686,7.1848526,1.6848526
CVE-2019-25567,5.5,6.656180976444189,6.0590625,0.5590625
CVE-2019-25568,7.8,7.5087477542676915,7.5398974,-0.26010275
CVE-2019-25569,5.5,7.304276673615204,6.4819055,0.98190546
CVE-2019-25570,5.5,5.9086345809325636,6.0306067,0.53060675
CVE-2019-25571,5.5,5.89445182545568,5.9086046,0.40860462
CVE-2019-25572,5.5,6.301555900651305,6.1416593,0.64165926
CVE-2019-25573,8.8,8.482180193602257,7.815515,-0.98448515
CVE-2019-25574,6.5,6.7397065176386155,6.920958,0.42095804
CVE-2019-25575,8.2,8.875381640119166,9.112379,0.91237926
CVE-2019-25576,8.2,8.601595230261658,8.951114,0.7511139
CVE-2019-25577,5.5,6.2121010411616675,6.619088,1.1190882
CVE-2019-25578,8.2,8.941410896239319,9.088341,0.88834095
CVE-2019-25579,7.5,7.489525726925961,7.3891497,-0.110850334
CVE-2019-25580,8.2,9.190077642175911,9.2844925,1.0844927
CVE-2019-25581,7.5,9.023549480547516,9.053561,1.5535612
CVE-2019-25582,6.5,7.401473779563719,7.8309298,1.3309298
CVE-2019-25583,5.5,6.032563057537793,6.097163,0.5971632
CVE-2019-25584,5.5,6.556248866075078,6.9658747,1.4658747
CVE-2019-25585,5.5,6.136711565293021,6.1415496,0.6415496
CVE-2019-25586,5.5,6.005618365776822,6.1108994,0.61089945
CVE-2019-25587,5.5,6.502863157522689,6.1811786,0.68117857
CVE-2019-25588,5.5,5.891612559239179,6.0664206,0.56642056
CVE-2019-25589,5.5,6.525427090957264,7.003012,1.5030122
CVE-2019-25590,6.2,5.994839675935503,5.8417916,-0.35820818
CVE-2019-25591,6.2,6.586421944474461,6.654742,0.45474195
CVE-2019-25592,6.2,5.872588927830881,5.9980206,-0.20197916
CVE-2019-25593,5.5,5.905738877735819,5.9799285,0.4799285
CVE-2019-25594,6.2,6.082711171107583,6.0376496,-0.16235018
CVE-2019-25595,6.2,5.589013900175656,5.798161,-0.40183878
CVE-2019-25596,6.2,6.119393567591098,6.1229777,-0.077022076
CVE-2019-25597,5.5,6.580029139209709,6.1567945,0.65679455
CVE-2019-25598,6.2,7.07371248603111,6.304646,0.104646206
CVE-2019-25599,6.2,5.85840454150293,6.0412264,-0.15877342
CVE-2019-25600,6.5,6.842119095964474,6.751976,0.251976
CVE-2019-25601,6.2,6.1829793195549945,5.860188,-0.3398118
CVE-2019-25602,5.5,5.850804623402693,5.979449,0.4794488
CVE-2019-25603,8.4,8.406411036978927,8.021747,-0.37825298
CVE-2019-25604,8.4,8.248228023855361,7.645769,-0.7542305
CVE-2019-25605,7.5,7.46764013377811,7.530282,0.03028202
CVE-2019-25606,5.5,6.1639422006287745,5.893766,0.39376593
CVE-2019-25607,8.4,8.542376276427749,8.007557,-0.3924427
CVE-2019-25608,8.4,9.571824098249447,8.002756,-0.3972435
CVE-2019-25609,8.4,7.748327945868735,7.777041,-0.62295866
CVE-2019-25610,6.5,6.7340233624952095,6.6081605,0.108160496
CVE-2019-25611,8.4,9.106363807499402,7.9780245,-0.42197514
CVE-2019-25612,7.8,7.607101526122689,7.6973886,-0.10261154
CVE-2019-25613,7.5,7.202447690553207,7.176665,-0.32333517
CVE-2019-25614,9.8,9.695772415176947,9.274729,-0.5252714
CVE-2019-25615,8.4,8.56341574061203,8.000731,-0.39926815
CVE-2019-25616,6.2,6.54939467581448,5.933503,-0.26649666
CVE-2019-25617,6.2,5.989103950107027,5.797661,-0.40233898
CVE-2019-25618,6.2,5.86103534025078,6.035445,-0.1645546
CVE-2019-25619,7.8,8.82686847360521,8.239197,0.4391966
CVE-2019-25620,5.5,6.068271323839491,6.2534585,0.7534585
CVE-2019-25621,5.5,6.064930757256608,6.2534585,0.7534585
CVE-2019-25622,5.5,6.114000038632611,6.0819216,0.5819216
CVE-2019-25623,5.5,6.074301414773014,6.284828,0.7848282
CVE-2019-25624,5.5,6.068271323839491,6.2534585,0.7534585
CVE-2019-25625,5.5,6.114000038632611,6.0819216,0.5819216
