model,step_index,threshold,false_positive_rate,true_positive_rate
XGBoost Classifier,0,inf,0.0,0.0
XGBoost Classifier,133,0.48461,0.004981,0.105442
XGBoost Classifier,266,0.354399,0.01171,0.146259
XGBoost Classifier,399,0.287575,0.018538,0.193878
XGBoost Classifier,532,0.232298,0.025685,0.227891
XGBoost Classifier,665,0.18912,0.035262,0.244898
XGBoost Classifier,798,0.16244,0.043453,0.265306
XGBoost Classifier,931,0.140735,0.051601,0.278912
XGBoost Classifier,1064,0.116827,0.060969,0.295918
XGBoost Classifier,1197,0.102767,0.068666,0.309524
XGBoost Classifier,1330,0.089212,0.078803,0.323129
XGBoost Classifier,1463,0.080305,0.087742,0.329932
XGBoost Classifier,1596,0.070589,0.097165,0.35034
XGBoost Classifier,1729,0.063908,0.105071,0.363946
XGBoost Classifier,1862,0.057327,0.113548,0.37415
XGBoost Classifier,1995,0.0525,0.121234,0.391156
XGBoost Classifier,2128,0.048215,0.128392,0.404762
XGBoost Classifier,2261,0.044116,0.14196,0.408163
XGBoost Classifier,2394,0.040219,0.151042,0.42517
XGBoost Classifier,2527,0.037051,0.165743,0.44898
XGBoost Classifier,2660,0.034421,0.175001,0.462585
XGBoost Classifier,2793,0.031984,0.184556,0.503401
XGBoost Classifier,2926,0.029045,0.194144,0.520408
XGBoost Classifier,3059,0.026961,0.200807,0.55102
XGBoost Classifier,3192,0.024931,0.210428,0.57483
XGBoost Classifier,3325,0.023354,0.221049,0.591837
XGBoost Classifier,3458,0.02184,0.229901,0.608844
XGBoost Classifier,3591,0.020418,0.238906,0.622449
XGBoost Classifier,3724,0.019123,0.246361,0.636054
XGBoost Classifier,3857,0.017752,0.254068,0.64966
XGBoost Classifier,3990,0.016773,0.261116,0.680272
XGBoost Classifier,4123,0.01587,0.269209,0.704082
XGBoost Classifier,4256,0.015046,0.276697,0.744898
XGBoost Classifier,4389,0.014173,0.28447,0.755102
XGBoost Classifier,4522,0.013519,0.295554,0.795918
XGBoost Classifier,4655,0.012948,0.304064,0.806122
XGBoost Classifier,4788,0.012417,0.312354,0.823129
XGBoost Classifier,4921,0.01201,0.321041,0.836735
XGBoost Classifier,5054,0.011571,0.329287,0.843537
XGBoost Classifier,5187,0.011235,0.336852,0.853741
XGBoost Classifier,5320,0.010807,0.344307,0.867347
XGBoost Classifier,5453,0.010472,0.352245,0.870748
XGBoost Classifier,5586,0.010129,0.360756,0.87415
XGBoost Classifier,5719,0.009809,0.369266,0.87415
XGBoost Classifier,5852,0.009507,0.379316,0.877551
XGBoost Classifier,5985,0.009237,0.386089,0.880952
XGBoost Classifier,6118,0.00901,0.392433,0.884354
XGBoost Classifier,6251,0.008774,0.399833,0.894558
XGBoost Classifier,6384,0.008551,0.406584,0.901361
XGBoost Classifier,6517,0.008317,0.415798,0.908163
XGBoost Classifier,6650,0.008081,0.423275,0.921769
XGBoost Classifier,6783,0.007873,0.430191,0.928571
XGBoost Classifier,6916,0.007639,0.438822,0.938776
XGBoost Classifier,7049,0.00745,0.446123,0.945578
XGBoost Classifier,7182,0.007243,0.45559,0.952381
XGBoost Classifier,7315,0.007008,0.465519,0.952381
XGBoost Classifier,7448,0.00683,0.473853,0.955782
XGBoost Classifier,7581,0.006652,0.48133,0.962585
XGBoost Classifier,7714,0.006507,0.48829,0.969388
XGBoost Classifier,7847,0.006364,0.495525,0.969388
XGBoost Classifier,7980,0.00622,0.502826,0.969388
XGBoost Classifier,8113,0.006074,0.511171,0.972789
XGBoost Classifier,8246,0.005912,0.51834,0.972789
XGBoost Classifier,8379,0.00575,0.531205,0.97619
XGBoost Classifier,8512,0.005613,0.537527,0.982993
XGBoost Classifier,8645,0.00546,0.54607,0.982993
XGBoost Classifier,8778,0.005286,0.556648,0.993197
XGBoost Classifier,8911,0.005152,0.56882,0.993197
XGBoost Classifier,9044,0.004998,0.595285,0.993197
XGBoost Classifier,9177,0.004866,0.603367,0.993197
XGBoost Classifier,9310,0.004748,0.610635,0.993197
XGBoost Classifier,9443,0.004619,0.61909,0.996599
XGBoost Classifier,9576,0.004458,0.630074,0.996599
XGBoost Classifier,9709,0.00432,0.638398,0.996599
XGBoost Classifier,9842,0.004194,0.646688,0.996599
XGBoost Classifier,9975,0.004036,0.655364,0.996599
XGBoost Classifier,10108,0.003909,0.663467,0.996599
XGBoost Classifier,10241,0.00377,0.675375,0.996599
XGBoost Classifier,10374,0.003665,0.682478,0.996599
XGBoost Classifier,10507,0.003528,0.690823,0.996599
XGBoost Classifier,10640,0.003415,0.698443,0.996599
XGBoost Classifier,10773,0.003294,0.709141,0.996599
XGBoost Classifier,10906,0.003175,0.722215,0.996599
XGBoost Classifier,11039,0.003082,0.730736,0.996599
XGBoost Classifier,11172,0.002988,0.738631,0.996599
XGBoost Classifier,11305,0.002895,0.763876,0.996599
XGBoost Classifier,11438,0.002801,0.772969,1.0
XGBoost Classifier,11571,0.002709,0.787153,1.0
XGBoost Classifier,11704,0.002626,0.796334,1.0
XGBoost Classifier,11837,0.002534,0.805603,1.0
XGBoost Classifier,11970,0.002452,0.817764,1.0
XGBoost Classifier,12103,0.002363,0.836511,1.0
XGBoost Classifier,12236,0.002263,0.865517,1.0
XGBoost Classifier,12369,0.002145,0.873389,1.0
XGBoost Classifier,12502,0.002028,0.882977,1.0
XGBoost Classifier,12635,0.001915,0.889816,1.0
XGBoost Classifier,12768,0.001765,0.900383,1.0
XGBoost Classifier,12901,0.001614,0.910069,1.0
XGBoost Classifier,13034,0.001454,0.924748,1.0
XGBoost Classifier,13167,0.001281,0.934358,1.0
XGBoost Classifier,13300,0.000994,0.993084,1.0
Logistic Regression,0,inf,0.0,0.0
Logistic Regression,76,0.986112,0.007136,0.064626
Logistic Regression,152,0.961556,0.014657,0.112245
Logistic Regression,228,0.925091,0.022254,0.193878
Logistic Regression,304,0.868884,0.031996,0.248299
Logistic Regression,380,0.818981,0.040078,0.285714
Logistic Regression,456,0.777223,0.046873,0.312925
Logistic Regression,532,0.734648,0.053745,0.346939
Logistic Regression,608,0.687648,0.061464,0.370748
Logistic Regression,684,0.616081,0.071997,0.394558
Logistic Regression,760,0.576944,0.078792,0.414966
Logistic Regression,836,0.526788,0.086775,0.44898
Logistic Regression,912,0.479011,0.095032,0.465986
Logistic Regression,988,0.428595,0.104092,0.489796
Logistic Regression,1064,0.38958,0.112075,0.520408
Logistic Regression,1140,0.362413,0.118144,0.537415
Logistic Regression,1216,0.327622,0.12649,0.564626
Logistic Regression,1292,0.302387,0.133417,0.581633
Logistic Regression,1368,0.265702,0.143566,0.608844
Logistic Regression,1444,0.234673,0.152989,0.636054
Logistic Regression,1520,0.206578,0.162895,0.653061
Logistic Regression,1596,0.181023,0.173022,0.670068
Logistic Regression,1672,0.159981,0.183478,0.683673
Logistic Regression,1748,0.142578,0.192737,0.710884
Logistic Regression,1824,0.129124,0.201709,0.72449
Logistic Regression,1900,0.114215,0.212308,0.727891
Logistic Regression,1976,0.104512,0.219939,0.734694
Logistic Regression,2052,0.095895,0.228218,0.758503
Logistic Regression,2128,0.086246,0.238499,0.782313
Logistic Regression,2204,0.077783,0.24823,0.79932
Logistic Regression,2280,0.069985,0.258631,0.816327
Logistic Regression,2356,0.062293,0.269396,0.829932
Logistic Regression,2432,0.056234,0.27828,0.857143
Logistic Regression,2508,0.050289,0.288945,0.860544
Logistic Regression,2584,0.046094,0.297269,0.863946
Logistic Regression,2660,0.041202,0.307835,0.884354
Logistic Regression,2736,0.03793,0.316489,0.897959
Logistic Regression,2812,0.033822,0.328243,0.904762
Logistic Regression,2888,0.029602,0.341162,0.921769
Logistic Regression,2964,0.025613,0.354708,0.92517
Logistic Regression,3040,0.023128,0.364098,0.928571
Logistic Regression,3116,0.019994,0.378051,0.935374
Logistic Regression,3192,0.017595,0.389827,0.945578
Logistic Regression,3268,0.015683,0.400372,0.945578
Logistic Regression,3344,0.012818,0.417986,0.955782
Logistic Regression,3420,0.011764,0.42598,0.955782
Logistic Regression,3496,0.010384,0.436766,0.959184
Logistic Regression,3572,0.009247,0.447431,0.962585
Logistic Regression,3648,0.008503,0.45548,0.972789
Logistic Regression,3724,0.007288,0.468125,0.97619
Logistic Regression,3800,0.00641,0.479241,0.982993
Logistic Regression,3876,0.005624,0.491171,0.986395
Logistic Regression,3952,0.004932,0.502188,0.986395
Logistic Regression,4028,0.004271,0.513172,0.993197
Logistic Regression,4104,0.003787,0.522562,0.993197
Logistic Regression,4180,0.003423,0.5306,0.993197
Logistic Regression,4256,0.003001,0.542816,0.996599
Logistic Regression,4332,0.002612,0.554064,0.996599
Logistic Regression,4408,0.002193,0.566115,0.996599
Logistic Regression,4484,0.001786,0.581068,0.996599
Logistic Regression,4560,0.001557,0.591151,0.996599
Logistic Regression,4636,0.00133,0.602685,0.996599
Logistic Regression,4712,0.001092,0.616451,0.996599
Logistic Regression,4788,0.000868,0.631405,0.996599
Logistic Regression,4864,0.000773,0.639112,0.996599
Logistic Regression,4940,0.000592,0.655166,0.996599
Logistic Regression,5016,0.00048,0.667557,0.996599
Logistic Regression,5092,0.000414,0.677288,0.996599
Logistic Regression,5168,0.00036,0.68681,0.996599
Logistic Regression,5244,0.000297,0.700136,0.996599
Logistic Regression,5320,0.000255,0.710131,0.996599
Logistic Regression,5396,0.000222,0.719356,0.996599
Logistic Regression,5472,0.000189,0.731396,0.996599
Logistic Regression,5548,0.000171,0.738653,0.996599
Logistic Regression,5624,0.000144,0.749659,0.996599
Logistic Regression,5700,0.000127,0.757884,0.996599
Logistic Regression,5776,0.000114,0.772793,0.996599
Logistic Regression,5852,9.7e-05,0.783151,0.996599
Logistic Regression,5928,9.1e-05,0.797808,0.996599
Logistic Regression,6004,8.4e-05,0.807252,0.996599
Logistic Regression,6080,6.8e-05,0.818094,1.0
Logistic Regression,6156,6.1e-05,0.830607,1.0
Logistic Regression,6232,5.6e-05,0.837852,1.0
Logistic Regression,6308,4.8e-05,0.85495,1.0
Logistic Regression,6384,3.9e-05,0.864384,1.0
Logistic Regression,6460,3.2e-05,0.874775,1.0
Logistic Regression,6536,2.6e-05,0.883175,1.0
Logistic Regression,6612,2.4e-05,0.888871,1.0
Logistic Regression,6688,2e-05,0.895611,1.0
Logistic Regression,6764,1.7e-05,0.902846,1.0
Logistic Regression,6840,1.6e-05,0.912697,1.0
Logistic Regression,6916,1.4e-05,0.921659,1.0
Logistic Regression,6992,1.2e-05,0.933116,1.0
Logistic Regression,7068,1e-05,0.940043,1.0
Logistic Regression,7144,9e-06,0.947179,1.0
Logistic Regression,7220,8e-06,0.954952,1.0
Logistic Regression,7296,6e-06,0.964023,1.0
Logistic Regression,7372,3e-06,0.97813,1.0
Logistic Regression,7448,2e-06,0.984541,1.0
Logistic Regression,7524,2e-06,0.989763,1.0
Logistic Regression,7600,1e-06,0.996536,1.0
