year,total_published_cves,cvss_v2_available,cvss_v31_available,epss_snapshot_coverage,kev_catalog_additions
2000,1020,1019,9,1019,0
2001,1679,1676,38,1676,0
2002,2170,2156,54,2156,1
2003,1548,1527,17,1527,0
2004,2479,2451,44,2451,2
2005,5010,4932,64,4932,1
2006,6659,6608,47,6608,2
2007,6596,6516,59,6516,2
2008,5664,5632,87,5632,6
2009,5778,5732,107,5732,14
2010,4667,4639,124,4639,23
2011,4172,4150,58,4150,9
2012,5351,5288,114,5288,22
2013,5324,5187,97,5187,35
2014,8008,7928,113,7928,34
2015,6595,6494,94,6494,43
2016,6517,6449,791,6449,53
2017,18113,14642,1801,14642,89
2018,18154,16510,1852,16510,76
2019,18938,17305,9224,17305,128
2020,19222,18322,18322,18322,146
2021,21950,20149,20045,20149,213
2022,26431,13223,24978,25074,130
2023,30949,1926,28816,28817,164
2024,40704,2971,39102,39959,160
2025,49972,5899,44081,48167,194
2026,41270,3644,37523,39962,100
