bin_index,bin_low_years,bin_high_years,count
1,-0.7963,-0.2842,4
2,-0.2842,0.2279,608
3,0.2279,0.74,205
4,0.74,1.2521,91
5,1.2521,1.7642,99
6,1.7642,2.2763,59
7,2.2763,2.7884,75
8,2.7884,3.3005,53
9,3.3005,3.8125,33
10,3.8125,4.3246,54
11,4.3246,4.8367,55
12,4.8367,5.3488,39
13,5.3488,5.8609,38
14,5.8609,6.373,25
15,6.373,6.8851,30
16,6.8851,7.3972,24
17,7.3972,7.9093,18
18,7.9093,8.4214,16
19,8.4214,8.9335,13
20,8.9335,9.4456,20
21,9.4456,9.9577,12
22,9.9577,10.4698,8
23,10.4698,10.9818,7
24,10.9818,11.4939,8
25,11.4939,12.006,10
26,12.006,12.5181,11
27,12.5181,13.0302,7
28,13.0302,13.5423,1
29,13.5423,14.0544,3
30,14.0544,14.5665,2
31,14.5665,15.0786,3
32,15.0786,15.5907,0
33,15.5907,16.1028,2
34,16.1028,16.6149,5
35,16.6149,17.127,2
36,17.127,17.6391,3
37,17.6391,18.1511,1
38,18.1511,18.6632,2
39,18.6632,19.1753,0
40,19.1753,19.6874,1
