model,step_index,threshold,recall,precision
XGBoost Classifier,0,0.000545,1.0,0.003222
XGBoost Classifier,440,0.001249,1.0,0.003407
XGBoost Classifier,880,0.00146,1.0,0.003485
XGBoost Classifier,1320,0.001656,1.0,0.003547
XGBoost Classifier,1760,0.001823,1.0,0.003587
XGBoost Classifier,2200,0.00197,1.0,0.003633
XGBoost Classifier,2640,0.002108,1.0,0.003677
XGBoost Classifier,3080,0.002232,1.0,0.003711
XGBoost Classifier,3520,0.002348,1.0,0.003841
XGBoost Classifier,3960,0.002453,1.0,0.003938
XGBoost Classifier,4400,0.002558,1.0,0.004013
XGBoost Classifier,4840,0.002659,1.0,0.004065
XGBoost Classifier,5280,0.002756,1.0,0.004109
XGBoost Classifier,5720,0.002857,0.996599,0.004182
XGBoost Classifier,6160,0.002961,0.996599,0.004327
XGBoost Classifier,6600,0.003063,0.996599,0.004382
XGBoost Classifier,7040,0.003162,0.996599,0.004433
XGBoost Classifier,7480,0.003272,0.996599,0.004512
XGBoost Classifier,7920,0.003382,0.996599,0.004578
XGBoost Classifier,8360,0.003494,0.996599,0.004629
XGBoost Classifier,8800,0.00361,0.996599,0.004676
XGBoost Classifier,9240,0.003724,0.996599,0.004726
XGBoost Classifier,9680,0.003845,0.996599,0.004784
XGBoost Classifier,10120,0.003963,0.996599,0.004859
XGBoost Classifier,10560,0.004085,0.996599,0.004909
XGBoost Classifier,11000,0.00421,0.996599,0.004966
XGBoost Classifier,11440,0.004344,0.996599,0.00503
XGBoost Classifier,11880,0.004488,0.996599,0.005097
XGBoost Classifier,12320,0.004629,0.996599,0.005182
XGBoost Classifier,12760,0.004767,0.993197,0.00524
XGBoost Classifier,13200,0.004903,0.993197,0.005314
XGBoost Classifier,13640,0.005061,0.993197,0.005405
XGBoost Classifier,14080,0.005217,0.993197,0.005698
XGBoost Classifier,14520,0.005375,0.982993,0.005719
XGBoost Classifier,14960,0.005525,0.982993,0.005818
XGBoost Classifier,15400,0.005681,0.979592,0.005889
XGBoost Classifier,15840,0.005833,0.97619,0.005949
XGBoost Classifier,16280,0.005987,0.972789,0.006068
XGBoost Classifier,16720,0.00615,0.972789,0.006159
XGBoost Classifier,17160,0.006316,0.969388,0.006254
XGBoost Classifier,17600,0.006481,0.969388,0.006361
XGBoost Classifier,18040,0.006652,0.962585,0.006423
XGBoost Classifier,18480,0.006829,0.955782,0.006478
XGBoost Classifier,18920,0.00702,0.952381,0.006577
XGBoost Classifier,19360,0.007225,0.952381,0.006701
XGBoost Classifier,19800,0.007434,0.945578,0.006798
XGBoost Classifier,20240,0.007633,0.938776,0.006866
XGBoost Classifier,20680,0.007842,0.931973,0.006935
XGBoost Classifier,21120,0.00806,0.921769,0.006978
XGBoost Classifier,21560,0.008287,0.911565,0.007022
XGBoost Classifier,22000,0.008524,0.901361,0.007092
XGBoost Classifier,22440,0.008762,0.894558,0.007174
XGBoost Classifier,22880,0.009023,0.884354,0.007238
XGBoost Classifier,23320,0.009303,0.877551,0.007322
XGBoost Classifier,23760,0.009602,0.877551,0.007523
XGBoost Classifier,24200,0.009921,0.87415,0.007649
XGBoost Classifier,24640,0.010244,0.87415,0.007833
XGBoost Classifier,25080,0.010565,0.870748,0.007969
XGBoost Classifier,25520,0.010918,0.863946,0.008091
XGBoost Classifier,25960,0.01133,0.853741,0.008175
XGBoost Classifier,26400,0.011718,0.836735,0.008224
XGBoost Classifier,26840,0.012151,0.836735,0.008427
XGBoost Classifier,27280,0.012593,0.823129,0.008529
XGBoost Classifier,27720,0.013119,0.79932,0.008517
XGBoost Classifier,28160,0.013681,0.778912,0.008505
XGBoost Classifier,28600,0.014313,0.755102,0.008547
XGBoost Classifier,29040,0.01507,0.744898,0.008633
XGBoost Classifier,29480,0.01588,0.704082,0.008387
XGBoost Classifier,29920,0.01675,0.680272,0.008334
XGBoost Classifier,30360,0.017726,0.64966,0.008194
XGBoost Classifier,30800,0.018803,0.636054,0.008225
XGBoost Classifier,31240,0.020019,0.622449,0.00829
XGBoost Classifier,31680,0.021466,0.615646,0.008516
XGBoost Classifier,32120,0.023028,0.595238,0.008575
XGBoost Classifier,32560,0.024647,0.578231,0.008769
XGBoost Classifier,33000,0.026735,0.554422,0.008807
XGBoost Classifier,33440,0.029038,0.520408,0.008589
XGBoost Classifier,33880,0.031558,0.503401,0.008696
XGBoost Classifier,34320,0.034351,0.462585,0.008468
XGBoost Classifier,34760,0.037387,0.442177,0.008877
XGBoost Classifier,35200,0.040641,0.42517,0.009065
XGBoost Classifier,35640,0.044431,0.408163,0.009537
XGBoost Classifier,36080,0.048294,0.404762,0.010098
XGBoost Classifier,36520,0.052842,0.391156,0.010376
XGBoost Classifier,36960,0.057793,0.370748,0.010517
XGBoost Classifier,37400,0.063059,0.367347,0.011036
XGBoost Classifier,37840,0.069121,0.35034,0.011273
XGBoost Classifier,38280,0.075794,0.343537,0.011866
XGBoost Classifier,38720,0.083239,0.326531,0.012305
XGBoost Classifier,39160,0.09202,0.323129,0.013571
XGBoost Classifier,39600,0.103657,0.309524,0.014484
XGBoost Classifier,40040,0.11562,0.29932,0.015466
XGBoost Classifier,40480,0.129889,0.285714,0.016336
XGBoost Classifier,40920,0.147263,0.278912,0.017935
XGBoost Classifier,41360,0.16894,0.258503,0.019828
XGBoost Classifier,41800,0.192526,0.244898,0.022416
XGBoost Classifier,42240,0.226846,0.231293,0.027211
XGBoost Classifier,42680,0.271487,0.204082,0.031596
XGBoost Classifier,43120,0.334289,0.163265,0.038741
XGBoost Classifier,43560,0.437092,0.119048,0.05287
XGBoost Classifier,44000,0.796531,0.013605,0.222222
Logistic Regression,0,0.0,1.0,0.003222
Logistic Regression,769,2e-06,1.0,0.003259
Logistic Regression,1538,3e-06,1.0,0.003293
Logistic Regression,2307,5e-06,1.0,0.003323
Logistic Regression,3076,7e-06,1.0,0.003366
Logistic Regression,3845,9e-06,1.0,0.003414
Logistic Regression,4614,1.2e-05,1.0,0.003448
Logistic Regression,5383,1.5e-05,1.0,0.003512
Logistic Regression,6152,1.9e-05,1.0,0.003585
Logistic Regression,6921,2.4e-05,1.0,0.003623
Logistic Regression,7690,2.9e-05,1.0,0.003666
Logistic Regression,8459,3.5e-05,1.0,0.003706
Logistic Regression,9228,4.3e-05,1.0,0.003747
Logistic Regression,9997,5.3e-05,1.0,0.003814
Logistic Regression,10766,6.2e-05,1.0,0.003899
Logistic Regression,11535,7.5e-05,1.0,0.00396
Logistic Regression,12304,9e-05,0.996599,0.004005
Logistic Regression,13073,0.000105,0.996599,0.004128
Logistic Regression,13842,0.000124,0.996599,0.004223
Logistic Regression,14611,0.000146,0.996599,0.004281
Logistic Regression,15380,0.000169,0.996599,0.004338
Logistic Regression,16149,0.000195,0.996599,0.004399
Logistic Regression,16918,0.000227,0.996599,0.004469
Logistic Regression,17687,0.000262,0.996599,0.004527
Logistic Regression,18456,0.000301,0.996599,0.004587
Logistic Regression,19225,0.000345,0.996599,0.00465
Logistic Regression,19994,0.000396,0.996599,0.004713
Logistic Regression,20763,0.000459,0.996599,0.00478
Logistic Regression,21532,0.000531,0.996599,0.004848
Logistic Regression,22301,0.000618,0.996599,0.004914
Logistic Regression,23070,0.000719,0.996599,0.004983
Logistic Regression,23839,0.000832,0.996599,0.005055
Logistic Regression,24608,0.000958,0.996599,0.00513
Logistic Regression,25377,0.001105,0.996599,0.005204
Logistic Regression,26146,0.00126,0.996599,0.005286
Logistic Regression,26915,0.001449,0.996599,0.005377
Logistic Regression,27684,0.001665,0.996599,0.005467
Logistic Regression,28453,0.0019,0.996599,0.005554
Logistic Regression,29222,0.002149,0.996599,0.005645
Logistic Regression,29991,0.002451,0.996599,0.005734
Logistic Regression,30760,0.002787,0.996599,0.005839
Logistic Regression,31529,0.003146,0.996599,0.005965
Logistic Regression,32298,0.003561,0.993197,0.006052
Logistic Regression,33067,0.004008,0.993197,0.00616
Logistic Regression,33836,0.004515,0.993197,0.006267
Logistic Regression,34605,0.005062,0.986395,0.006338
Logistic Regression,35374,0.005692,0.986395,0.006464
Logistic Regression,36143,0.006282,0.982993,0.006564
Logistic Regression,36912,0.007029,0.97619,0.006653
Logistic Regression,37681,0.007906,0.972789,0.006762
Logistic Regression,38450,0.008784,0.965986,0.006853
Logistic Regression,39219,0.009677,0.962585,0.006977
Logistic Regression,39988,0.010821,0.959184,0.007098
Logistic Regression,40757,0.011926,0.955782,0.007224
Logistic Regression,41526,0.0132,0.955782,0.007382
Logistic Regression,42295,0.014721,0.94898,0.007491
Logistic Regression,43064,0.016244,0.945578,0.007637
Logistic Regression,43833,0.01794,0.945578,0.007818
Logistic Regression,44602,0.019847,0.935374,0.007922
Logistic Regression,45371,0.021834,0.935374,0.008111
Logistic Regression,46140,0.023876,0.928571,0.008251
Logistic Regression,46909,0.026381,0.921769,0.008399
Logistic Regression,47678,0.029059,0.921769,0.008617
Logistic Regression,48447,0.031814,0.911565,0.008744
Logistic Regression,49216,0.034959,0.904762,0.008918
Logistic Regression,49985,0.038157,0.897959,0.009105
Logistic Regression,50754,0.041614,0.880952,0.009196
Logistic Regression,51523,0.045797,0.863946,0.009288
Logistic Regression,52292,0.05038,0.860544,0.009541
Logistic Regression,53061,0.055344,0.857143,0.009809
Logistic Regression,53830,0.061261,0.829932,0.009811
Logistic Regression,54599,0.067511,0.816327,0.009979
Logistic Regression,55368,0.074136,0.816327,0.010333
Logistic Regression,56137,0.081356,0.795918,0.010439
Logistic Regression,56906,0.08947,0.778912,0.010607
Logistic Regression,57675,0.098244,0.744898,0.010538
Logistic Regression,58444,0.108256,0.734694,0.010822
Logistic Regression,59213,0.12057,0.72449,0.011131
Logistic Regression,59982,0.133927,0.717687,0.011545
Logistic Regression,60751,0.148199,0.707483,0.011927
Logistic Regression,61520,0.166021,0.676871,0.011971
Logistic Regression,62289,0.185736,0.663265,0.012388
Logistic Regression,63058,0.208311,0.646259,0.012735
Logistic Regression,63827,0.234346,0.636054,0.013253
Logistic Regression,64596,0.263951,0.608844,0.013475
Logistic Regression,65365,0.295923,0.581633,0.013713
Logistic Regression,66134,0.329238,0.564626,0.014278
Logistic Regression,66903,0.368992,0.534014,0.014544
Logistic Regression,67672,0.409971,0.503401,0.014889
Logistic Regression,68441,0.458065,0.47619,0.015344
Logistic Regression,69210,0.510521,0.452381,0.016059
Logistic Regression,69979,0.566725,0.42517,0.01677
Logistic Regression,70748,0.621071,0.394558,0.017562
Logistic Regression,71517,0.680948,0.37415,0.019011
Logistic Regression,72286,0.739036,0.346939,0.020715
Logistic Regression,73055,0.794547,0.302721,0.021744
Logistic Regression,73824,0.849884,0.268707,0.024315
Logistic Regression,74593,0.903701,0.210884,0.025255
Logistic Regression,75362,0.948218,0.153061,0.02719
Logistic Regression,76131,0.981176,0.081633,0.029593
Logistic Regression,76900,1.0,0.0,1.0
